"case","variant","launch","n","meanMs","minMs","stdDevMs","samples","inner","sampledMs"
"numeric-compound","baseline","1","1000","0.0004164","0.0004019","1.53E-05","176","4096","300.1497"
"numeric-compound","baseline","1","10000","0.0040188","0.0038711","0.0001486","292","256","300.4129"
"numeric-compound","baseline","1","100000","0.0393835","0.0385562","0.0011404","239","32","301.205"
"numeric-compound","candidate","1","1000","0.0004254","0.0004019","1.98E-05","173","4096","301.4467"
"numeric-compound","candidate","1","10000","0.0041371","0.0038695","0.0004711","284","256","300.7855"
"numeric-compound","candidate","1","100000","0.0392021","0.0385531","0.0010909","240","32","301.0725"
"numeric-compound","node","1","1000","0.0003337","0.0003143","1.02E-05","220","4096","300.699"
"numeric-compound","node","1","10000","0.0050947","0.0050187","0.0001595","231","256","301.2789"
"numeric-compound","node","1","100000","0.0408586","0.0388844","0.0011172","230","32","300.7192"
"numeric-compound","candidate","2","1000","0.0004112","0.0004019","1.22E-05","179","4096","301.466"
"numeric-compound","candidate","2","10000","0.0039407","0.0038738","0.0001066","149","512","300.6267"
"numeric-compound","candidate","2","100000","0.0393232","0.0385531","0.0014507","239","32","300.7442"
"numeric-compound","baseline","2","1000","0.0004083","0.0004016","1.59E-05","180","4096","301.006"
"numeric-compound","baseline","2","10000","0.0039507","0.0038736","0.0002045","149","512","301.3941"
"numeric-compound","baseline","2","100000","0.0400984","0.0385531","0.0027815","234","32","300.2569"
"numeric-compound","node","2","1000","0.0003268","0.0003021","1.51E-05","225","4096","301.2077"
"numeric-compound","node","2","10000","0.0050032","0.0048266","0.0001913","235","256","300.9914"
"numeric-compound","node","2","100000","0.0402018","0.0387844","0.0014816","234","32","301.0311"
"numeric-compound","baseline","3","1000","0.0004168","0.0004018","1.44E-05","176","4096","300.4887"
"numeric-compound","baseline","3","10000","0.0039899","0.0038707","0.0001417","294","256","300.2935"
"numeric-compound","baseline","3","100000","0.0402197","0.0385594","0.0015367","234","32","301.1654"
"numeric-compound","candidate","3","1000","0.0004241","0.0004014","3.04E-05","173","4096","300.5244"
"numeric-compound","candidate","3","10000","0.0039594","0.0038695","0.0002621","296","256","300.0254"
"numeric-compound","candidate","3","100000","0.0392406","0.0385531","0.0013371","239","32","300.1123"
"numeric-compound","node","3","1000","0.0003263","0.0003022","1.39E-05","225","4096","300.7205"
"numeric-compound","node","3","10000","0.0050066","0.0048262","0.000184","235","256","301.197"
"numeric-compound","node","3","100000","0.0399903","0.0389313","0.0012836","235","32","300.7273"
"numeric-compound","candidate","4","1000","0.0004181","0.000403","1.46E-05","176","4096","301.4122"
"numeric-compound","candidate","4","10000","0.0039291","0.0038752","0.0001371","150","512","301.7548"
"numeric-compound","candidate","4","100000","0.0397604","0.0385594","0.0013687","236","32","300.2707"
"numeric-compound","baseline","4","1000","0.0004174","0.0004019","3.36E-05","176","4096","300.9271"
"numeric-compound","baseline","4","10000","0.0039511","0.0038695","0.0001155","297","256","300.4078"
"numeric-compound","baseline","4","100000","0.0397882","0.0385562","0.0015161","236","32","300.4803"
"numeric-compound","node","4","1000","0.0003289","0.0003021","1.32E-05","223","4096","300.4077"
"numeric-compound","node","4","10000","0.0049197","0.0048258","0.0001832","239","256","301.0053"
"numeric-compound","node","4","100000","0.0406731","0.0388719","0.0015413","231","32","300.6558"
"numeric-compound","baseline","5","1000","0.0004101","0.0004013","1.47E-05","179","4096","300.6422"
"numeric-compound","baseline","5","10000","0.0039339","0.0038734","0.0001208","149","512","300.1082"
"numeric-compound","baseline","5","100000","0.0392743","0.0385562","0.0011132","239","32","300.37"
"numeric-compound","candidate","5","1000","0.000416","0.0004023","1.48E-05","177","4096","301.6283"
"numeric-compound","candidate","5","10000","0.003941","0.0038715","0.0001146","298","256","300.6492"
"numeric-compound","candidate","5","100000","0.0402392","0.038575","0.0013882","233","32","300.0233"
"numeric-compound","node","5","1000","0.0003251","0.0003022","1.23E-05","226","4096","300.9156"
"numeric-compound","node","5","10000","0.0049469","0.0048266","0.0002165","237","256","300.1385"
"numeric-compound","node","5","100000","0.039986","0.0389156","0.001175","235","32","300.6947"
"numeric-assignment-control","baseline","1","1000","0.0004142","0.0004018","1.28E-05","177","4096","300.2662"
"numeric-assignment-control","baseline","1","10000","0.0039778","0.0038748","0.0001199","148","512","301.421"
"numeric-assignment-control","baseline","1","100000","0.0394213","0.0385531","0.0011968","238","32","300.2326"
"numeric-assignment-control","candidate","1","1000","0.0004131","0.0004021","1.3E-05","178","4096","301.1643"
"numeric-assignment-control","candidate","1","10000","0.0040104","0.0038699","0.0001785","293","256","300.8154"
"numeric-assignment-control","candidate","1","100000","0.0395175","0.0385562","0.0012377","238","32","300.9656"
"numeric-assignment-control","node","1","1000","0.0003447","0.0003023","5.76E-05","213","4096","300.7478"
"numeric-assignment-control","node","1","10000","0.0054376","0.0048344","0.0003595","216","256","300.6762"
"numeric-assignment-control","node","1","100000","0.0419889","0.0403844","0.0021063","224","32","300.9764"
"numeric-assignment-control","candidate","2","1000","0.0004535","0.0004181","2.97E-05","162","4096","300.8975"
"numeric-assignment-control","candidate","2","10000","0.004294","0.0040246","0.0009782","273","256","300.0974"
"numeric-assignment-control","candidate","2","100000","0.0405965","0.0386094","0.0014826","231","32","300.0896"
"numeric-assignment-control","baseline","2","1000","0.0004126","0.0004014","1.22E-05","178","4096","300.8162"
"numeric-assignment-control","baseline","2","10000","0.0039871","0.0038746","0.0001492","147","512","300.082"
"numeric-assignment-control","baseline","2","100000","0.0394432","0.0385562","0.0012659","238","32","300.3993"
"numeric-assignment-control","node","2","1000","0.0003276","0.0003031","1.23E-05","224","4096","300.5994"
"numeric-assignment-control","node","2","10000","0.0050869","0.0050191","0.000113","231","256","300.8195"
"numeric-assignment-control","node","2","100000","0.0399956","0.0388031","0.0021236","235","32","300.7671"
"numeric-assignment-control","baseline","3","1000","0.0004169","0.0004017","1.45E-05","176","4096","300.5374"
"numeric-assignment-control","baseline","3","10000","0.00402","0.0038695","0.0001479","292","256","300.5019"
"numeric-assignment-control","baseline","3","100000","0.0393146","0.0385562","0.0015427","239","32","300.6783"
"numeric-assignment-control","candidate","3","1000","0.000423","0.0004019","2.47E-05","174","4096","301.4603"
"numeric-assignment-control","candidate","3","10000","0.0039287","0.0038691","0.0001279","299","256","300.7194"
"numeric-assignment-control","candidate","3","100000","0.0390589","0.0385531","0.0012166","241","32","301.2225"
"numeric-assignment-control","node","3","1000","0.000321","0.000302","8.7E-06","229","4096","301.0575"
"numeric-assignment-control","node","3","10000","0.0048978","0.0048254","0.0001296","240","256","300.9189"
"numeric-assignment-control","node","3","100000","0.0394953","0.0387531","0.0009443","238","32","300.7963"
"numeric-assignment-control","candidate","4","1000","0.0004125","0.0004017","1.46E-05","178","4096","300.7292"
"numeric-assignment-control","candidate","4","10000","0.0039763","0.0038691","0.0002067","295","256","300.2933"
"numeric-assignment-control","candidate","4","100000","0.0396874","0.0385531","0.0031954","237","32","300.989"
"numeric-assignment-control","baseline","4","1000","0.0004114","0.0003998","1.96E-05","179","4096","301.6308"
"numeric-assignment-control","baseline","4","10000","0.0039252","0.0038729","8.98E-05","150","512","301.4586"
"numeric-assignment-control","baseline","4","100000","0.0391558","0.0385531","0.0013949","240","32","300.7165"
"numeric-assignment-control","node","4","1000","0.0003231","0.0003022","1.22E-05","227","4096","300.4389"
"numeric-assignment-control","node","4","10000","0.004907","0.0048258","0.0001488","239","256","300.2324"
"numeric-assignment-control","node","4","100000","0.0396994","0.0387938","0.0013371","237","32","301.0805"
"numeric-assignment-control","baseline","5","1000","0.0004078","0.0004013","1.14E-05","180","4096","300.6453"
"numeric-assignment-control","baseline","5","10000","0.0039357","0.0038734","0.0001129","149","512","300.2478"
"numeric-assignment-control","baseline","5","100000","0.0399419","0.0385531","0.0015437","235","32","300.3629"
"numeric-assignment-control","candidate","5","1000","0.0004112","0.0004016","1.53E-05","179","4096","301.4689"
"numeric-assignment-control","candidate","5","10000","0.0039384","0.003873","0.0001009","149","512","300.4504"
"numeric-assignment-control","candidate","5","100000","0.0392674","0.0385531","0.0014318","239","32","300.317"
"numeric-assignment-control","node","5","1000","0.0003232","0.0003021","1.25E-05","227","4096","300.5182"
"numeric-assignment-control","node","5","10000","0.0049081","0.0048258","0.0001421","239","256","300.2982"
"numeric-assignment-control","node","5","100000","0.0397901","0.0388813","0.0012805","236","32","300.4951"
"stable-numeric-rest","baseline","1","1000","0.0005945","0.000568","3.11E-05","247","2048","300.7372"
"stable-numeric-rest","baseline","1","10000","0.0055154","0.0054176","0.0002396","213","256","300.7428"
"stable-numeric-rest","baseline","1","100000","0.056003","0.0538438","0.003209","168","32","301.0722"
"stable-numeric-rest","candidate","1","1000","0.0005793","0.0005679","1.98E-05","253","2048","300.1769"
"stable-numeric-rest","candidate","1","10000","0.0055486","0.0054184","0.0001661","212","256","301.1359"
"stable-numeric-rest","candidate","1","100000","0.0564063","0.053975","0.0023099","167","32","301.4355"
"stable-numeric-rest","node","1","1000","0.0003908","0.0003825","1.17E-05","188","4096","300.9374"
"stable-numeric-rest","node","1","10000","0.0049848","0.0048602","0.0001631","236","256","301.1612"
"stable-numeric-rest","node","1","100000","0.0495237","0.0487219","0.0014646","190","32","301.104"
"stable-numeric-rest","candidate","2","1000","0.0005831","0.0005682","2.81E-05","252","2048","300.9588"
"stable-numeric-rest","candidate","2","10000","0.0054919","0.005418","0.0001542","214","256","300.8664"
"stable-numeric-rest","candidate","2","100000","0.0550826","0.05395","0.0019692","171","32","301.412"
"stable-numeric-rest","baseline","2","1000","0.0005895","0.0005683","2.22E-05","249","2048","300.638"
"stable-numeric-rest","baseline","2","10000","0.005568","0.0054172","0.000336","211","256","300.7629"
"stable-numeric-rest","baseline","2","100000","0.0546533","0.0539406","0.0013774","172","32","300.8117"
"stable-numeric-rest","node","2","1000","0.00039","0.0003826","1.4E-05","188","4096","300.2907"
"stable-numeric-rest","node","2","10000","0.0050329","0.0048758","0.0002321","233","256","300.2035"
"stable-numeric-rest","node","2","100000","0.0498394","0.0487219","0.0016781","189","32","301.4284"
"stable-numeric-rest","baseline","3","1000","0.0005901","0.0005676","2.77E-05","249","2048","300.9095"
"stable-numeric-rest","baseline","3","10000","0.0056916","0.0054168","0.0002096","206","256","300.1543"
"stable-numeric-rest","baseline","3","100000","0.0550848","0.0539156","0.0018223","171","32","301.4238"
"stable-numeric-rest","candidate","3","1000","0.0005813","0.0005667","2.13E-05","252","2048","300.0065"
"stable-numeric-rest","candidate","3","10000","0.0055169","0.005416","0.0001373","213","256","300.8262"
"stable-numeric-rest","candidate","3","100000","0.0549579","0.0539187","0.0021471","171","32","300.7299"
"stable-numeric-rest","node","3","1000","0.0003902","0.0003823","1.23E-05","188","4096","300.4601"
"stable-numeric-rest","node","3","10000","0.0051553","0.0048816","0.0003195","228","256","300.9071"
"stable-numeric-rest","node","3","100000","0.0492766","0.048725","0.0009235","191","32","301.1786"
"stable-numeric-rest","candidate","4","1000","0.000578","0.000568","2.15E-05","254","2048","300.6527"
"stable-numeric-rest","candidate","4","10000","0.0055103","0.005418","0.0001838","213","256","300.4651"
"stable-numeric-rest","candidate","4","100000","0.0549313","0.0539219","0.0016728","171","32","300.584"
"stable-numeric-rest","baseline","4","1000","0.0005894","0.0005674","3.17E-05","249","2048","300.5806"
"stable-numeric-rest","baseline","4","10000","0.0055841","0.0054176","0.0002895","210","256","300.2039"
"stable-numeric-rest","baseline","4","100000","0.0550323","0.0539344","0.0022566","171","32","301.1366"
"stable-numeric-rest","node","4","1000","0.000388","0.0003826","1E-05","189","4096","300.3448"
"stable-numeric-rest","node","4","10000","0.0049696","0.0048676","0.0001747","236","256","300.2436"
"stable-numeric-rest","node","4","100000","0.0500463","0.0487219","0.0024313","188","32","301.0787"
"stable-numeric-rest","baseline","5","1000","0.000608","0.0005682","3.5E-05","242","2048","301.3135"
"stable-numeric-rest","baseline","5","10000","0.0057999","0.0054211","0.0002899","203","256","301.4088"
"stable-numeric-rest","baseline","5","100000","0.0604307","0.0560125","0.0045435","311","16","300.7034"
"stable-numeric-rest","candidate","5","1000","0.0005847","0.0005682","1.89E-05","251","2048","300.5401"
"stable-numeric-rest","candidate","5","10000","0.0055379","0.0054172","0.0002357","212","256","300.5521"
"stable-numeric-rest","candidate","5","100000","0.0549914","0.0539594","0.0019112","171","32","300.9132"
"stable-numeric-rest","node","5","1000","0.0003924","0.0003823","1.49E-05","187","4096","300.5363"
"stable-numeric-rest","node","5","10000","0.0049337","0.0048684","0.0001206","238","256","300.6014"
"stable-numeric-rest","node","5","100000","0.0496632","0.0487219","0.0015857","189","32","300.3628"
"flattened-rest-control","baseline","1","1000","0.000584","0.0005671","2.09E-05","251","2048","300.1805"
"flattened-rest-control","baseline","1","10000","0.0055413","0.0054176","0.0002218","212","256","300.7395"
"flattened-rest-control","baseline","1","100000","0.0546039","0.0538687","0.0012278","172","32","300.5397"
"flattened-rest-control","candidate","1","1000","0.0005799","0.0005678","1.98E-05","253","2048","300.4759"
"flattened-rest-control","candidate","1","10000","0.0057259","0.0056355","0.0001625","205","256","300.4941"
"flattened-rest-control","candidate","1","100000","0.0544706","0.05385","0.0013917","345","16","300.6779"
"flattened-rest-control","node","1","1000","0.0003901","0.0003824","1.18E-05","188","4096","300.3735"
"flattened-rest-control","node","1","10000","0.0049578","0.0048746","0.0001605","237","256","300.7989"
"flattened-rest-control","node","1","100000","0.0494116","0.0487188","0.0015021","190","32","300.4223"
"flattened-rest-control","candidate","2","1000","0.0005899","0.000568","2.66E-05","249","2048","300.7997"
"flattened-rest-control","candidate","2","10000","0.0054761","0.0054176","0.0001325","214","256","300.0054"
"flattened-rest-control","candidate","2","100000","0.0545623","0.0539562","0.0014796","172","32","300.3108"
"flattened-rest-control","baseline","2","1000","0.0005839","0.0005674","2.16E-05","251","2048","300.1601"
"flattened-rest-control","baseline","2","10000","0.0055574","0.0054152","0.0002193","211","256","300.191"
"flattened-rest-control","baseline","2","100000","0.0546609","0.0538969","0.0017613","172","32","300.8534"
"flattened-rest-control","node","2","1000","0.0003885","0.0003824","1.1E-05","189","4096","300.7726"
"flattened-rest-control","node","2","10000","0.004963","0.0048805","0.0001559","237","256","301.1138"
"flattened-rest-control","node","2","100000","0.0492117","0.0487219","0.0008513","191","32","300.7817"
"flattened-rest-control","baseline","3","1000","0.0005942","0.0005681","2.58E-05","247","2048","300.5707"
"flattened-rest-control","baseline","3","10000","0.0073123","0.0056313","0.0022266","161","256","301.3857"
"flattened-rest-control","baseline","3","100000","0.0901833","0.0569563","0.0212611","208","16","300.1301"
"flattened-rest-control","candidate","3","1000","0.0014304","0.0006872","0.0030912","226","1024","331.0309"
"flattened-rest-control","candidate","3","10000","0.0139867","0.0065578","0.0027171","168","128","300.7708"
"flattened-rest-control","candidate","3","100000","0.1615564","0.06515","0.26212","233","8","301.1411"
"flattened-rest-control","node","3","1000","0.001205","0.0006732","0.0010527","244","1024","301.0808"
"flattened-rest-control","node","3","10000","0.0202473","0.0162656","0.0014466","232","64","300.6321"
"flattened-rest-control","node","3","100000","0.0690898","0.0575688","0.0168155","272","16","300.6787"
"flattened-rest-control","candidate","4","1000","0.0006829","0.0005907","0.0001061","215","2048","300.703"
"flattened-rest-control","candidate","4","10000","0.0058663","0.0054184","0.0004451","200","256","300.3544"
"flattened-rest-control","candidate","4","100000","0.0582247","0.053875","0.0040284","323","16","300.905"
"flattened-rest-control","baseline","4","1000","0.0006547","0.0005684","5.87E-05","224","2048","300.3677"
"flattened-rest-control","baseline","4","10000","0.0060356","0.0054176","0.0005319","195","256","301.299"
"flattened-rest-control","baseline","4","100000","0.0591107","0.0538625","0.0050443","318","16","300.7552"
"flattened-rest-control","node","4","1000","0.0004132","0.0003828","2.66E-05","178","4096","301.2341"
"flattened-rest-control","node","4","10000","0.0053073","0.0048809","0.0005019","221","256","300.2671"
"flattened-rest-control","node","4","100000","0.0551985","0.0489406","0.0063242","170","32","300.28"
"flattened-rest-control","baseline","5","1000","0.0006512","0.0005685","7.35E-05","226","2048","301.3899"
"flattened-rest-control","baseline","5","10000","0.0067125","0.0054176","0.0036463","175","256","300.7179"
"flattened-rest-control","baseline","5","100000","0.0637099","0.0560688","0.0071616","295","16","300.7109"
"flattened-rest-control","candidate","5","1000","0.0006371","0.0005686","6E-05","230","2048","300.0774"
"flattened-rest-control","candidate","5","10000","0.0060209","0.0054188","0.0006242","195","256","300.5658"
"flattened-rest-control","candidate","5","100000","0.0604985","0.0539562","0.0053005","155","32","300.0728"
"flattened-rest-control","node","5","1000","0.0004208","0.0003822","4.02E-05","175","4096","301.6112"
"flattened-rest-control","node","5","10000","0.0055058","0.0048805","0.0005098","213","256","300.2207"
"flattened-rest-control","node","5","100000","0.0971899","0.048625","0.3580777","772","4","300.1224"
"left-associated-accumulation","baseline","1","1000","0.0015672","0.0015461","3.28E-05","187","1024","300.0961"
"left-associated-accumulation","baseline","1","10000","0.0157106","0.015432","0.0003794","150","128","301.6426"
"left-associated-accumulation","baseline","1","100000","0.1560967","0.1541625","0.0040338","241","8","300.9544"
"left-associated-accumulation","candidate","1","1000","0.0015688","0.0015464","4.62E-05","187","1024","300.4004"
"left-associated-accumulation","candidate","1","10000","0.0156735","0.0154312","0.0006296","150","128","300.9318"
"left-associated-accumulation","candidate","1","100000","0.1553848","0.1541625","0.0027947","242","8","300.825"
"left-associated-accumulation","node","1","1000","0.0015453","0.0015194","5.23E-05","190","1024","300.6609"
"left-associated-accumulation","node","1","10000","0.0155916","0.0154016","0.0005096","301","64","300.3559"
"left-associated-accumulation","node","1","100000","0.1561251","0.1541375","0.004286","241","8","301.0092"
"left-associated-accumulation","candidate","2","1000","0.0015823","0.0015466","8.63E-05","186","1024","301.3621"
"left-associated-accumulation","candidate","2","10000","0.0155347","0.0154312","0.0002565","151","128","300.2552"
"left-associated-accumulation","candidate","2","100000","0.1557539","0.1541625","0.0036123","241","8","300.2935"
"left-associated-accumulation","baseline","2","1000","0.0015705","0.0015463","4.23E-05","187","1024","300.7336"
"left-associated-accumulation","baseline","2","10000","0.0156569","0.0154312","0.000364","150","128","300.6119"
"left-associated-accumulation","baseline","2","100000","0.1556662","0.1541625","0.0043418","241","8","300.1244"
"left-associated-accumulation","node","2","1000","0.0015398","0.0015194","3.81E-05","191","1024","301.1655"
"left-associated-accumulation","node","2","10000","0.0156337","0.0154133","0.0004235","150","128","300.1664"
"left-associated-accumulation","node","2","100000","0.1555604","0.1541375","0.0033153","242","8","301.1649"
"left-associated-accumulation","baseline","3","1000","0.0015754","0.0015462","5.21E-05","186","1024","300.0649"
"left-associated-accumulation","baseline","3","10000","0.0161163","0.0154187","0.0009517","291","64","300.1501"
"left-associated-accumulation","baseline","3","100000","0.158372","0.1541625","0.0058709","237","8","300.2734"
"left-associated-accumulation","candidate","3","1000","0.0015753","0.001546","5.91E-05","186","1024","300.0404"
"left-associated-accumulation","candidate","3","10000","0.0155532","0.015432","0.0002611","151","128","300.6127"
"left-associated-accumulation","candidate","3","100000","0.1558853","0.15415","0.0049331","241","8","300.5468"
"left-associated-accumulation","node","3","1000","0.0015367","0.0015199","5.27E-05","191","1024","300.5629"
"left-associated-accumulation","node","3","10000","0.0155881","0.0154133","0.0004337","151","128","301.2873"
"left-associated-accumulation","node","3","100000","0.15892","0.15415","0.0080405","236","8","300.041"
"left-associated-accumulation","candidate","4","1000","0.0017508","0.0015473","0.000156","335","512","300.2898"
"left-associated-accumulation","candidate","4","10000","0.0157683","0.0154187","0.0005421","298","64","300.7331"
"left-associated-accumulation","candidate","4","100000","0.1831682","0.154175","0.0607226","205","8","300.3959"
"left-associated-accumulation","baseline","4","1000","0.0015793","0.0015459","7.12E-05","186","1024","300.8075"
"left-associated-accumulation","baseline","4","10000","0.0158001","0.0154305","0.0009648","149","128","301.3401"
"left-associated-accumulation","baseline","4","100000","0.15586","0.15415","0.004827","241","8","300.498"
"left-associated-accumulation","node","4","1000","0.0015401","0.0015201","4.76E-05","191","1024","301.2144"
"left-associated-accumulation","node","4","10000","0.0155306","0.0154016","0.0003236","302","64","300.1759"
"left-associated-accumulation","node","4","100000","0.1556034","0.1541375","0.00389","241","8","300.0033"
"left-associated-accumulation","baseline","5","1000","0.0015617","0.001546","5.1E-05","188","1024","300.6541"
"left-associated-accumulation","baseline","5","10000","0.0155772","0.0154312","0.0003773","151","128","301.0753"
"left-associated-accumulation","baseline","5","100000","0.1549845","0.1541625","0.0025044","242","8","300.0499"
"left-associated-accumulation","candidate","5","1000","0.0015679","0.0015467","4.78E-05","187","1024","300.2419"
"left-associated-accumulation","candidate","5","10000","0.0156115","0.0154312","0.0004496","151","128","301.7388"
"left-associated-accumulation","candidate","5","100000","0.1556784","0.1541625","0.0045014","241","8","300.148"
"left-associated-accumulation","node","5","1000","0.0015668","0.00152","0.0001505","187","1024","300.0321"
"left-associated-accumulation","node","5","10000","0.0156933","0.0154016","0.0006478","299","64","300.3076"
"left-associated-accumulation","node","5","100000","0.1576692","0.1541375","0.0062444","238","8","300.2021"
"indirect-numeric-rest","baseline","1","1000","0.0006102","0.0005971","3.03E-05","241","2048","301.1543"
"indirect-numeric-rest","baseline","1","10000","0.0055225","0.0054488","0.0001466","213","256","301.1322"
"indirect-numeric-rest","baseline","1","100000","0.0547693","0.0539906","0.00178","172","32","301.45"
"indirect-numeric-rest","candidate","1","1000","0.0006202","0.0005978","3.45E-05","237","2048","301.011"
"indirect-numeric-rest","candidate","1","10000","0.0057606","0.0054547","0.0002867","204","256","300.8416"
"indirect-numeric-rest","candidate","1","100000","0.0555884","0.0539969","0.0011936","169","32","300.6222"
"indirect-numeric-rest","node","1","1000","0.0003908","0.0003825","1.53E-05","188","4096","300.9668"
"indirect-numeric-rest","node","1","10000","0.0049551","0.0048734","0.0001432","237","256","300.6355"
"indirect-numeric-rest","node","1","100000","0.0497052","0.0487219","0.0014479","189","32","300.6173"
"indirect-numeric-rest","candidate","2","1000","0.0006383","0.0006","4.74E-05","230","2048","300.6793"
"indirect-numeric-rest","candidate","2","10000","0.0056635","0.0054492","0.0003044","207","256","300.1187"
"indirect-numeric-rest","candidate","2","100000","0.0554263","0.0539594","0.0022068","170","32","301.5189"
"indirect-numeric-rest","baseline","2","1000","0.0009251","0.00062","0.0004012","159","2048","301.2497"
"indirect-numeric-rest","baseline","2","10000","0.0116459","0.0064477","0.0033953","202","128","301.1168"
"indirect-numeric-rest","baseline","2","100000","0.1169827","0.0668","0.0843431","321","8","300.4116"
"indirect-numeric-rest","node","2","1000","0.0013847","0.0008904","0.0007871","212","1024","300.6013"
"indirect-numeric-rest","node","2","10000","0.0150659","0.0057828","0.0119252","312","64","300.8358"
"indirect-numeric-rest","node","2","100000","0.1403072","0.0581313","0.0688167","68","32","305.3085"
"indirect-numeric-rest","baseline","3","1000","0.0006171","0.0005907","2.18E-05","238","2048","300.7805"
"indirect-numeric-rest","baseline","3","10000","0.0056397","0.0053941","0.0001671","208","256","300.3035"
"indirect-numeric-rest","baseline","3","100000","0.0546092","0.0539062","0.0010933","172","32","300.5691"
"indirect-numeric-rest","candidate","3","1000","0.0021077","0.0006131","0.0015338","278","512","300.0083"
"indirect-numeric-rest","candidate","3","10000","0.005921","0.0053586","0.0004886","198","256","300.1256"
"indirect-numeric-rest","candidate","3","100000","0.0631566","0.0558812","0.0062735","297","16","300.12"
"indirect-numeric-rest","node","3","1000","0.0004325","0.0003979","3.14E-05","170","4096","301.1401"
"indirect-numeric-rest","node","3","10000","0.005407","0.0050766","0.0003275","217","256","300.3723"
"indirect-numeric-rest","node","3","100000","0.0541169","0.050675","0.0033243","174","32","301.3231"
"indirect-numeric-rest","candidate","4","1000","0.0007039","0.0006155","0.0001075","417","1024","300.5848"
"indirect-numeric-rest","candidate","4","10000","0.005665","0.0054148","0.0002154","207","256","300.1975"
"indirect-numeric-rest","candidate","4","100000","0.0555848","0.0539969","0.0013002","169","32","300.6028"
"indirect-numeric-rest","baseline","4","1000","0.0006897","0.0006251","7.4E-05","213","2048","300.8447"
"indirect-numeric-rest","baseline","4","10000","0.0057218","0.0054523","0.0002024","205","256","300.2822"
"indirect-numeric-rest","baseline","4","100000","0.0546728","0.05395","0.0016231","172","32","300.9189"
"indirect-numeric-rest","node","4","1000","0.0004028","0.0003825","4.83E-05","182","4096","300.2749"
"indirect-numeric-rest","node","4","10000","0.004962","0.0048695","0.0001678","237","256","301.057"
"indirect-numeric-rest","node","4","100000","0.0493898","0.0487219","0.0013448","190","32","300.2899"
"indirect-numeric-rest","baseline","5","1000","0.0006152","0.000593","2.2E-05","239","2048","301.1239"
"indirect-numeric-rest","baseline","5","10000","0.005524","0.0054148","0.0001704","213","256","301.2133"
"indirect-numeric-rest","baseline","5","100000","0.0547501","0.0539688","0.0020564","172","32","301.3443"
"indirect-numeric-rest","candidate","5","1000","0.0006083","0.0005929","2.32E-05","241","2048","300.2285"
"indirect-numeric-rest","candidate","5","10000","0.0055353","0.0053926","0.0001591","212","256","300.4107"
"indirect-numeric-rest","candidate","5","100000","0.0553937","0.0536594","0.0020259","170","32","301.3416"
"indirect-numeric-rest","node","5","1000","0.0003895","0.0003822","1.35E-05","189","4096","301.5253"
"indirect-numeric-rest","node","5","10000","0.0049483","0.0048707","0.0001384","237","256","300.2212"
"indirect-numeric-rest","node","5","100000","0.0495626","0.0487187","0.001384","190","32","301.3404"
"spread-numeric-rest","baseline","1","1000","0.1733673","0.1618125","0.0116953","217","8","300.9657"
"spread-numeric-rest","baseline","1","10000","1.7317615","1.6277","0.0845686","174","1","301.3265"
"spread-numeric-rest","baseline","1","100000","17.1868389","16.7333","0.4405919","18","1","309.3631"
"spread-numeric-rest","candidate","1","1000","0.0170809","0.0151922","0.0012249","275","64","300.6234"
"spread-numeric-rest","candidate","1","10000","0.170032","0.1503375","0.0139673","221","8","300.6166"
"spread-numeric-rest","candidate","1","100000","1.6807179","1.4893","0.0911813","179","1","300.8485"
"spread-numeric-rest","node","1","1000","0.0038759","0.0036771","0.0002441","152","512","301.6415"
"spread-numeric-rest","node","1","10000","0.0399074","0.0385687","0.0014258","235","32","300.1036"
"spread-numeric-rest","node","1","100000","0.393994","0.385525","0.0086661","191","4","301.0114"
"spread-numeric-rest","candidate","2","1000","0.0169061","0.0150109","0.0015197","278","64","300.7936"
"spread-numeric-rest","candidate","2","10000","0.1575742","0.1473625","0.0065615","238","8","300.0213"
"spread-numeric-rest","candidate","2","100000","1.5925222","1.4704","0.1033914","189","1","300.9867"
"spread-numeric-rest","baseline","2","1000","0.1711561","0.1637875","0.0089949","220","8","301.2348"
"spread-numeric-rest","baseline","2","10000","1.7001638","1.6194","0.0476371","177","1","300.929"
"spread-numeric-rest","baseline","2","100000","17.0864167","16.6878","0.3611709","18","1","307.5555"
"spread-numeric-rest","node","2","1000","0.0037517","0.0036691","0.0001362","313","256","300.6162"
"spread-numeric-rest","node","2","10000","0.0407454","0.0401063","0.0013552","231","32","301.1902"
"spread-numeric-rest","node","2","100000","0.3960928","0.385425","0.012414","190","4","301.0305"
"spread-numeric-rest","baseline","3","1000","0.1684671","0.160975","0.00604","223","8","300.5453"
"spread-numeric-rest","baseline","3","10000","1.7093636","1.6213","0.0797552","176","1","300.848"
"spread-numeric-rest","baseline","3","100000","17.5589111","16.5816","0.8420929","18","1","316.0604"
"spread-numeric-rest","candidate","3","1000","0.0159958","0.0150914","0.0007026","147","128","300.9762"
"spread-numeric-rest","candidate","3","10000","0.1653078","0.1481","0.0127515","227","8","300.199"
"spread-numeric-rest","candidate","3","100000","1.5956138","1.4776","0.0550482","189","1","301.571"
"spread-numeric-rest","node","3","1000","0.0037675","0.0036719","0.0001609","156","512","300.9186"
"spread-numeric-rest","node","3","10000","0.0417891","0.0401094","0.0023435","225","32","300.8816"
"spread-numeric-rest","node","3","100000","0.4096909","0.385975","0.0179858","184","4","301.5325"
"spread-numeric-rest","candidate","4","1000","0.0169543","0.0149227","0.0012811","139","128","301.6501"
"spread-numeric-rest","candidate","4","10000","0.1595203","0.1464625","0.0109083","236","8","301.1744"
"spread-numeric-rest","candidate","4","100000","1.5973559","1.4777","0.0774892","188","1","300.3029"
"spread-numeric-rest","baseline","4","1000","0.169536","0.1594625","0.0096857","222","8","301.0959"
"spread-numeric-rest","baseline","4","10000","1.7014616","1.5988","0.0834175","177","1","301.1587"
"spread-numeric-rest","baseline","4","100000","16.97255","16.5793","0.4359055","18","1","305.5059"
"spread-numeric-rest","node","4","1000","0.0038537","0.0036723","0.0001616","153","512","301.8844"
"spread-numeric-rest","node","4","10000","0.0406373","0.0385719","0.0021777","231","32","300.3907"
"spread-numeric-rest","node","4","100000","0.3954878","0.385475","0.0336866","190","4","300.5707"
"spread-numeric-rest","baseline","5","1000","0.198088","0.1773875","0.016758","190","8","301.0937"
"spread-numeric-rest","baseline","5","10000","1.9098766","1.718","0.1182928","158","1","301.7605"
"spread-numeric-rest","baseline","5","100000","16.9344722","16.6116","0.3068429","18","1","304.8205"
"spread-numeric-rest","candidate","5","1000","0.0167869","0.0153656","0.0010154","280","64","300.8212"
"spread-numeric-rest","candidate","5","10000","0.1706472","0.1487625","0.0178558","220","8","300.339"
"spread-numeric-rest","candidate","5","100000","1.6277627","1.4577","0.1502156","185","1","301.1361"
"spread-numeric-rest","node","5","1000","0.0038489","0.0036727","0.0001741","153","512","301.5103"
"spread-numeric-rest","node","5","10000","0.0403972","0.0385594","0.0012951","233","32","301.2015"
"spread-numeric-rest","node","5","100000","0.4116753","0.385475","0.0232453","183","4","301.3463"
"dynamic-index-numeric-rest","baseline","1","1000","0.0006076","0.000567","9.06E-05","242","2048","301.1206"
"dynamic-index-numeric-rest","baseline","1","10000","0.0056318","0.0054172","0.0003742","209","256","301.3232"
"dynamic-index-numeric-rest","baseline","1","100000","0.0651082","0.0561688","0.0033675","289","16","301.0603"
"dynamic-index-numeric-rest","candidate","1","1000","0.0005741","0.0005669","8.4E-06","256","2048","300.9948"
"dynamic-index-numeric-rest","candidate","1","10000","0.0060336","0.0056355","0.0003861","195","256","301.1951"
"dynamic-index-numeric-rest","candidate","1","100000","0.0562214","0.0539469","0.0022772","167","32","300.4474"
"dynamic-index-numeric-rest","node","1","1000","0.000392","0.0003826","2.2E-05","187","4096","300.2715"
"dynamic-index-numeric-rest","node","1","10000","0.0050842","0.004868","0.0001788","231","256","300.657"
"dynamic-index-numeric-rest","node","1","100000","0.0501833","0.048725","0.0019828","187","32","300.297"
"dynamic-index-numeric-rest","candidate","2","1000","0.000654","0.0005911","4.25E-05","224","2048","300.014"
"dynamic-index-numeric-rest","candidate","2","10000","0.0057365","0.0054184","0.0004945","205","256","301.0511"
"dynamic-index-numeric-rest","candidate","2","100000","0.0549008","0.0539281","0.0013529","171","32","300.417"
"dynamic-index-numeric-rest","baseline","2","1000","0.0005957","0.0005672","2.26E-05","246","2048","300.1002"
"dynamic-index-numeric-rest","baseline","2","10000","0.0057843","0.0054184","0.0002304","203","256","300.6007"
"dynamic-index-numeric-rest","baseline","2","100000","0.057575","0.0538188","0.0029612","326","16","300.3114"
"dynamic-index-numeric-rest","node","2","1000","0.0004003","0.0003827","5.02E-05","183","4096","300.0839"
"dynamic-index-numeric-rest","node","2","10000","0.0050133","0.0048648","0.0003552","234","256","300.3168"
"dynamic-index-numeric-rest","node","2","100000","0.0499179","0.0487313","0.0012201","188","32","300.3058"
"dynamic-index-numeric-rest","baseline","3","1000","0.0005755","0.0005664","1.19E-05","255","2048","300.5465"
"dynamic-index-numeric-rest","baseline","3","10000","0.0059848","0.0056363","0.0003821","196","256","300.2958"
"dynamic-index-numeric-rest","baseline","3","100000","0.0567718","0.0539156","0.0027474","166","32","301.5718"
"dynamic-index-numeric-rest","candidate","3","1000","0.0005859","0.0005669","2.09E-05","250","2048","300.0051"
"dynamic-index-numeric-rest","candidate","3","10000","0.0056233","0.0054195","0.0001392","209","256","300.8695"
"dynamic-index-numeric-rest","candidate","3","100000","0.0570984","0.0539781","0.0014638","165","32","301.4794"
"dynamic-index-numeric-rest","node","3","1000","0.0004238","0.000383","3.03E-05","173","4096","300.3381"
"dynamic-index-numeric-rest","node","3","10000","0.0051282","0.004873","0.0002376","229","256","300.6348"
"dynamic-index-numeric-rest","node","3","100000","0.0509971","0.048725","0.0067089","184","32","300.2707"
"dynamic-index-numeric-rest","candidate","4","1000","0.0005976","0.0005672","2.48E-05","246","2048","301.0911"
"dynamic-index-numeric-rest","candidate","4","10000","0.0055987","0.0054176","0.0001501","210","256","300.9883"
"dynamic-index-numeric-rest","candidate","4","100000","0.0567398","0.0539375","0.0017162","166","32","301.4017"
"dynamic-index-numeric-rest","baseline","4","1000","0.0005874","0.0005683","1.92E-05","250","2048","300.7239"
"dynamic-index-numeric-rest","baseline","4","10000","0.0055581","0.005416","0.0003593","211","256","300.2259"
"dynamic-index-numeric-rest","baseline","4","100000","0.0561686","0.0539625","0.0020568","167","32","300.165"
"dynamic-index-numeric-rest","node","4","1000","0.0003935","0.0003828","1.19E-05","187","4096","301.4377"
"dynamic-index-numeric-rest","node","4","10000","0.0052164","0.0048801","0.0003104","225","256","300.4662"
"dynamic-index-numeric-rest","node","4","100000","0.0520126","0.0486937","0.0083149","361","16","300.4245"
"dynamic-index-numeric-rest","baseline","5","1000","0.0005787","0.0005668","1.7E-05","254","2048","301.0357"
"dynamic-index-numeric-rest","baseline","5","10000","0.0055635","0.0054176","0.000222","211","256","300.5194"
"dynamic-index-numeric-rest","baseline","5","100000","0.0549608","0.0539594","0.0017605","171","32","300.7455"
"dynamic-index-numeric-rest","candidate","5","1000","0.0006764","0.0005926","3.43E-05","217","2048","300.5973"
"dynamic-index-numeric-rest","candidate","5","10000","0.0058256","0.0056352","0.0002672","202","256","301.252"
"dynamic-index-numeric-rest","candidate","5","100000","0.0574875","0.0539687","0.0028467","164","32","301.6943"
"dynamic-index-numeric-rest","node","5","1000","0.0003998","0.0003826","1.15E-05","184","4096","301.343"
"dynamic-index-numeric-rest","node","5","10000","0.0050225","0.004873","0.0001509","234","256","300.8707"
"dynamic-index-numeric-rest","node","5","100000","0.0511937","0.0487719","0.0022786","184","32","301.4285"
"unknown-target-numeric-rest","baseline","1","1000","0.2200399","0.2062625","0.00879","171","8","301.0146"
"unknown-target-numeric-rest","baseline","1","10000","2.199927","2.0503","0.1668772","137","1","301.39"
"unknown-target-numeric-rest","baseline","1","100000","21.9642857","20.9494","0.4739376","14","1","307.5"
"unknown-target-numeric-rest","candidate","1","1000","0.0014652","0.0013918","7.57E-05","200","1024","300.0751"
"unknown-target-numeric-rest","candidate","1","10000","0.0146808","0.0136453","0.0011092","160","128","300.6618"
"unknown-target-numeric-rest","candidate","1","100000","0.1543385","0.1399125","0.0068591","243","8","300.034"
"unknown-target-numeric-rest","node","1","1000","0.0003881","0.0003825","9.2E-06","189","4096","300.4564"
"unknown-target-numeric-rest","node","1","10000","0.0050406","0.0048684","0.0002784","233","256","300.6611"
"unknown-target-numeric-rest","node","1","100000","0.0493962","0.0487187","0.0012438","190","32","300.3292"
"unknown-target-numeric-rest","candidate","2","1000","0.0016109","0.0015735","6.86E-05","182","1024","300.2182"
"unknown-target-numeric-rest","candidate","2","10000","0.0161496","0.0154516","0.0006432","291","64","300.7704"
"unknown-target-numeric-rest","candidate","2","100000","0.1582067","0.1541875","0.0051801","238","8","301.2256"
"unknown-target-numeric-rest","baseline","2","1000","0.2243468","0.211175","0.0102908","168","8","301.5221"
"unknown-target-numeric-rest","baseline","2","10000","2.2126765","2.0131","0.1185572","136","1","300.924"
"unknown-target-numeric-rest","baseline","2","100000","21.6746643","21.0033","0.4754339","14","1","303.4453"
"unknown-target-numeric-rest","node","2","1000","0.0003895","0.0003822","1.29E-05","189","4096","301.5467"
"unknown-target-numeric-rest","node","2","10000","0.0050172","0.0048602","0.0002003","234","256","300.5477"
"unknown-target-numeric-rest","node","2","100000","0.0493314","0.0487219","0.0015148","191","32","301.5136"
"unknown-target-numeric-rest","baseline","3","1000","0.2093198","0.199375","0.0113943","180","8","301.4205"
"unknown-target-numeric-rest","baseline","3","10000","2.0568568","1.9955","0.0542749","146","1","300.3011"
"unknown-target-numeric-rest","baseline","3","100000","22.1048286","21.0032","0.5613127","14","1","309.4676"
"unknown-target-numeric-rest","candidate","3","1000","0.001631","0.0015778","8.92E-05","180","1024","300.632"
"unknown-target-numeric-rest","candidate","3","10000","0.0156144","0.015457","0.000298","151","128","301.7951"
"unknown-target-numeric-rest","candidate","3","100000","0.1572539","0.1541875","0.0049315","239","8","300.6695"
"unknown-target-numeric-rest","node","3","1000","0.0003954","0.0003826","2.59E-05","186","4096","301.2013"
"unknown-target-numeric-rest","node","3","10000","0.004962","0.0048617","0.0001767","237","256","301.0551"
"unknown-target-numeric-rest","node","3","100000","0.0503829","0.0487219","0.0018758","187","32","301.491"
"unknown-target-numeric-rest","candidate","4","1000","0.0014212","0.0013856","7.04E-05","207","1024","301.2413"
"unknown-target-numeric-rest","candidate","4","10000","0.0142237","0.0136633","0.0006377","165","128","300.4054"
"unknown-target-numeric-rest","candidate","4","100000","0.1521669","0.1369125","0.0050282","247","8","300.6818"
"unknown-target-numeric-rest","baseline","4","1000","0.2117511","0.20285","0.0097677","178","8","301.5336"
"unknown-target-numeric-rest","baseline","4","10000","2.1017755","2.0278","0.0668206","143","1","300.5539"
"unknown-target-numeric-rest","baseline","4","100000","21.09138","20.7895","0.2025121","15","1","316.3707"
"unknown-target-numeric-rest","node","4","1000","0.0003987","0.0003827","2.96E-05","184","4096","300.4797"
"unknown-target-numeric-rest","node","4","10000","0.0052431","0.005009","0.0002832","224","256","300.6594"
"unknown-target-numeric-rest","node","4","100000","0.0501538","0.0487281","0.0017661","187","32","300.1205"
"unknown-target-numeric-rest","baseline","5","1000","0.2128294","0.202475","0.0104226","177","8","301.3665"
"unknown-target-numeric-rest","baseline","5","10000","2.849433","2.0706","1.1598938","106","1","302.0399"
"unknown-target-numeric-rest","baseline","5","100000","26.0646462","21.3281","8.9395968","13","1","338.8404"
"unknown-target-numeric-rest","candidate","5","1000","0.0034226","0.0014452","0.0042798","86","1024","301.4071"
"unknown-target-numeric-rest","candidate","5","10000","0.0384275","0.0160531","0.084026","244","32","300.0423"
"unknown-target-numeric-rest","candidate","5","100000","0.3628236","0.1621125","0.1052516","104","8","301.8692"
"unknown-target-numeric-rest","node","5","1000","0.0015289","0.0014574","5.02E-05","192","1024","300.5842"
"unknown-target-numeric-rest","node","5","10000","0.0192269","0.0177703","0.0016872","244","64","300.2476"
"unknown-target-numeric-rest","node","5","100000","0.2035217","0.17375","0.0128146","185","8","301.2121"
"varying-index-numeric-rest","baseline","1","1000","0.2189235","0.173975","0.0408902","343","4","300.3631"
"varying-index-numeric-rest","baseline","1","10000","2.3847286","1.8512","0.3586577","126","1","300.4758"
"varying-index-numeric-rest","baseline","1","100000","19.8320812","17.6087","1.0278385","16","1","317.3133"
"varying-index-numeric-rest","candidate","1","1000","0.0161798","0.0137617","0.0017409","145","128","300.298"
"varying-index-numeric-rest","candidate","1","10000","0.1787168","0.13325","0.0295153","210","8","300.2443"
"varying-index-numeric-rest","candidate","1","100000","1.6489236","1.3362","0.1850469","182","1","300.1041"
"varying-index-numeric-rest","node","1","1000","0.0040992","0.0032582","0.0005461","286","256","300.1241"
"varying-index-numeric-rest","node","1","10000","0.0361081","0.0299125","0.004767","260","32","300.4195"
"varying-index-numeric-rest","node","1","100000","0.3580318","0.29545","0.0488765","210","4","300.7467"
"varying-index-numeric-rest","candidate","2","1000","0.0170625","0.0134961","0.0023827","138","128","301.3912"
"varying-index-numeric-rest","candidate","2","10000","0.1676896","0.1314","0.0201413","224","8","300.4997"
"varying-index-numeric-rest","candidate","2","100000","1.6070695","1.3454","0.1381777","187","1","300.522"
"varying-index-numeric-rest","baseline","2","1000","0.2076961","0.1644875","0.0417277","181","8","300.7439"
"varying-index-numeric-rest","baseline","2","10000","1.9388039","1.696","0.183569","155","1","300.5146"
"varying-index-numeric-rest","baseline","2","100000","19.0931562","17.6549","1.0168579","16","1","305.4905"
"varying-index-numeric-rest","node","2","1000","0.0039709","0.0033543","0.0004257","148","512","300.8957"
"varying-index-numeric-rest","node","2","10000","0.0375765","0.0289969","0.0146716","250","32","300.6123"
"varying-index-numeric-rest","node","2","100000","0.3560156","0.302825","0.0315202","211","4","300.4772"
"varying-index-numeric-rest","baseline","3","1000","0.2151798","0.1637625","0.3540802","185","8","318.4661"
"varying-index-numeric-rest","baseline","3","10000","2.0423218","1.7095","0.1740997","147","1","300.2213"
"varying-index-numeric-rest","baseline","3","100000","17.7523471","17.0205","0.4936567","17","1","301.7899"
"varying-index-numeric-rest","candidate","3","1000","0.0148674","0.0128477","0.0010611","158","128","300.6778"
"varying-index-numeric-rest","candidate","3","10000","0.1435469","0.1273","0.0106687","262","8","300.8744"
"varying-index-numeric-rest","candidate","3","100000","1.4391665","1.2572","0.0907026","209","1","300.7858"
"varying-index-numeric-rest","node","3","1000","0.003345","0.0031838","0.0001429","176","512","301.4228"
"varying-index-numeric-rest","node","3","10000","0.030538","0.0290625","0.0014075","154","64","300.9829"
"varying-index-numeric-rest","node","3","100000","0.3076969","0.2877","0.0214918","244","4","300.3122"
"varying-index-numeric-rest","candidate","4","1000","0.0143817","0.0128156","0.0007527","163","128","300.0598"
"varying-index-numeric-rest","candidate","4","10000","0.14823","0.126975","0.013447","254","8","301.2033"
"varying-index-numeric-rest","candidate","4","100000","1.4259692","1.2849","0.0818216","211","1","300.8795"
"varying-index-numeric-rest","baseline","4","1000","0.1666821","0.1568","0.0082849","225","8","300.0277"
"varying-index-numeric-rest","baseline","4","10000","1.6373636","1.5533","0.0559507","184","1","301.2749"
"varying-index-numeric-rest","baseline","4","100000","17.4520556","16.469","0.5948211","18","1","314.137"
"varying-index-numeric-rest","node","4","1000","0.0035162","0.0032514","0.0001923","167","512","300.6484"
"varying-index-numeric-rest","node","4","10000","0.0356815","0.0299375","0.0028871","263","32","300.2954"
"varying-index-numeric-rest","node","4","100000","0.3158751","0.28785","0.0215379","238","4","300.7131"
"varying-index-numeric-rest","baseline","5","1000","0.1870076","0.1616125","0.0157149","201","8","300.7083"
"varying-index-numeric-rest","baseline","5","10000","1.7926101","1.5964","0.1411335","168","1","301.1585"
"varying-index-numeric-rest","baseline","5","100000","17.1566333","16.5216","0.3579382","18","1","308.8194"
"varying-index-numeric-rest","candidate","5","1000","0.0155609","0.0132047","0.0019668","151","128","300.7606"
"varying-index-numeric-rest","candidate","5","10000","0.1407397","0.126775","0.0073532","267","8","300.6199"
"varying-index-numeric-rest","candidate","5","100000","1.4469538","1.2876","0.1198651","208","1","300.9664"
"varying-index-numeric-rest","node","5","1000","0.0034428","0.0031785","0.0001964","171","512","301.4252"
"varying-index-numeric-rest","node","5","10000","0.0314697","0.0286","0.0062182","298","32","300.0948"
"varying-index-numeric-rest","node","5","100000","0.3014034","0.2875","0.0121249","249","4","300.1978"
"alternating-target-numeric-rest","baseline","1","1000","0.2181972","0.199675","0.0152516","172","8","300.2394"
"alternating-target-numeric-rest","baseline","1","10000","2.634214","2.069","0.656568","114","1","300.3004"
"alternating-target-numeric-rest","baseline","1","100000","20.7272267","20.3405","0.2412163","15","1","310.9084"
"alternating-target-numeric-rest","candidate","1","1000","0.0022561","0.0020785","0.0001173","260","512","300.3317"
"alternating-target-numeric-rest","candidate","1","10000","0.0219564","0.0203344","0.0011499","214","64","300.7152"
"alternating-target-numeric-rest","candidate","1","100000","0.2200261","0.2108625","0.0073848","171","8","300.9957"
"alternating-target-numeric-rest","node","1","1000","0.0042391","0.0038598","0.0002188","277","256","300.6058"
"alternating-target-numeric-rest","node","1","10000","0.0440677","0.0405781","0.0020573","213","32","300.3657"
"alternating-target-numeric-rest","node","1","100000","0.434123","0.398275","0.0201962","173","4","300.4131"
"alternating-target-numeric-rest","candidate","2","1000","0.0023365","0.002248","6.75E-05","251","512","300.2738"
"alternating-target-numeric-rest","candidate","2","10000","0.0237532","0.0231016","0.0008885","198","64","301.0005"
"alternating-target-numeric-rest","candidate","2","100000","0.2447216","0.2268","0.0125407","154","8","301.497"
"alternating-target-numeric-rest","baseline","2","1000","0.2108994","0.2019375","0.0073","178","8","300.3208"
"alternating-target-numeric-rest","baseline","2","10000","2.132061","2.0271","0.0947055","141","1","300.6206"
"alternating-target-numeric-rest","baseline","2","100000","21.2426867","20.6968","0.6787467","15","1","318.6403"
"alternating-target-numeric-rest","node","2","1000","0.0042094","0.0038242","0.0001816","279","256","300.6516"
"alternating-target-numeric-rest","node","2","10000","0.0452203","0.0408781","0.0020011","208","32","300.9864"
"alternating-target-numeric-rest","node","2","100000","0.4479878","0.401525","0.0235807","168","4","301.0478"
"alternating-target-numeric-rest","baseline","3","1000","0.2303479","0.204525","0.0229569","326","4","300.3736"
"alternating-target-numeric-rest","baseline","3","10000","2.7743624","2.5458","0.2975323","109","1","302.4055"
"alternating-target-numeric-rest","baseline","3","100000","25.4999083","23.2787","1.6218993","12","1","305.9989"
"alternating-target-numeric-rest","candidate","3","1000","0.002295","0.0020561","0.0002293","256","512","300.8088"
"alternating-target-numeric-rest","candidate","3","10000","0.0259519","0.0242375","0.0021322","181","64","300.6268"
"alternating-target-numeric-rest","candidate","3","100000","0.2541104","0.239875","0.0081323","296","4","300.8667"
"alternating-target-numeric-rest","node","3","1000","0.0052441","0.0046457","0.0007246","224","256","300.7198"
"alternating-target-numeric-rest","node","3","10000","0.0540285","0.0476469","0.0066205","175","32","302.5595"
"alternating-target-numeric-rest","node","3","100000","0.5958034","0.4757","0.5094539","252","2","300.2849"
"alternating-target-numeric-rest","candidate","4","1000","0.0026587","0.0024527","0.0003335","221","512","300.8342"
"alternating-target-numeric-rest","candidate","4","10000","0.0370017","0.0249906","0.0142218","254","32","300.75"
"alternating-target-numeric-rest","candidate","4","100000","0.4850595","0.25075","0.2731783","155","4","300.7369"
"alternating-target-numeric-rest","baseline","4","1000","0.5585406","0.248275","1.3171286","151","4","337.3585"
"alternating-target-numeric-rest","baseline","4","10000","4.7580937","2.5134","2.010061","64","1","304.518"
"alternating-target-numeric-rest","baseline","4","100000","73.711825","30.2169","25.6746943","8","1","589.6946"
"alternating-target-numeric-rest","node","4","1000","0.0182566","0.0056766","0.0150822","129","128","301.4525"
"alternating-target-numeric-rest","node","4","10000","0.1819825","0.049425","0.2003522","207","8","301.363"
"alternating-target-numeric-rest","node","4","100000","0.5193381","0.4687","0.0549143","289","2","300.1774"
"alternating-target-numeric-rest","baseline","5","1000","0.2627783","0.20975","0.0497686","286","4","300.6184"
"alternating-target-numeric-rest","baseline","5","10000","3.9296831","3.6111","0.2339672","77","1","302.5856"
"alternating-target-numeric-rest","baseline","5","100000","37.7442","36.9713","1.2714653","8","1","301.9536"
"alternating-target-numeric-rest","candidate","5","1000","0.0040013","0.002768","0.0019647","586","128","300.1307"
"alternating-target-numeric-rest","candidate","5","10000","0.0265248","0.0242109","0.0018478","177","64","300.473"
"alternating-target-numeric-rest","candidate","5","100000","0.2697774","0.24815","0.0289381","279","4","301.0716"
"alternating-target-numeric-rest","node","5","1000","0.0092397","0.0088539","0.0017688","254","128","300.4016"
"alternating-target-numeric-rest","node","5","10000","0.0998068","0.0924625","0.0289099","188","16","300.2188"
"alternating-target-numeric-rest","node","5","100000","0.9528364","0.9257","0.0940106","158","2","301.0963"
"mixed-target-numeric-rest","baseline","1","1000","0.4867231","0.445725","0.0601047","155","4","301.7683"
"mixed-target-numeric-rest","baseline","1","10000","4.7267156","4.3981","0.3226654","64","1","302.5098"
"mixed-target-numeric-rest","baseline","1","100000","47.92305","46.2605","1.2259909","8","1","383.3844"
"mixed-target-numeric-rest","candidate","1","1000","0.0998313","0.0942937","0.0064111","188","16","300.2926"
"mixed-target-numeric-rest","candidate","1","10000","1.0229085","0.954","0.0686406","147","2","300.7351"
"mixed-target-numeric-rest","candidate","1","100000","6.8405841","6.0148","0.4050414","44","1","300.9857"
"mixed-target-numeric-rest","node","1","1000","0.0083891","0.0066664","0.0010506","140","256","300.6667"
"mixed-target-numeric-rest","node","1","10000","0.0812237","0.0744375","0.0060661","231","16","300.2029"
"mixed-target-numeric-rest","node","1","100000","0.817047","0.75505","0.0302604","184","2","300.6733"
"mixed-target-numeric-rest","candidate","2","1000","0.1052309","0.0943875","0.0152125","179","16","301.3813"
"mixed-target-numeric-rest","candidate","2","10000","1.0637385","0.9507","0.2388203","283","1","301.038"
"mixed-target-numeric-rest","candidate","2","100000","7.9213684","5.9574","5.7634757","38","1","301.012"
"mixed-target-numeric-rest","baseline","2","1000","0.3397426","0.2548","0.1404507","221","4","300.3325"
"mixed-target-numeric-rest","baseline","2","10000","2.7818139","2.5285","0.2264963","108","1","300.4359"
"mixed-target-numeric-rest","baseline","2","100000","28.2793091","26.4889","1.1733845","11","1","311.0724"
"mixed-target-numeric-rest","node","2","1000","0.00714","0.0065773","0.0003716","165","256","301.5955"
"mixed-target-numeric-rest","node","2","10000","0.0993581","0.0771625","0.0347228","190","16","302.0485"
"mixed-target-numeric-rest","node","2","100000","0.8911225","0.69025","0.3487817","169","2","301.1994"
"mixed-target-numeric-rest","baseline","3","1000","0.491642","0.438575","0.0514558","153","4","300.8849"
"mixed-target-numeric-rest","baseline","3","10000","4.8821468","4.4117","0.4976164","62","1","302.6931"
"mixed-target-numeric-rest","baseline","3","100000","39.59275","31.9438","8.6433644","8","1","316.742"
"mixed-target-numeric-rest","candidate","3","1000","0.0659765","0.056375","0.0048314","285","16","300.853"
"mixed-target-numeric-rest","candidate","3","10000","0.8302318","0.5801","0.3359574","181","2","300.5439"
"mixed-target-numeric-rest","candidate","3","100000","12.53095","7.2796","8.0616108","24","1","300.7428"
"mixed-target-numeric-rest","node","3","1000","0.0145313","0.0074406","0.0129392","323","64","300.3911"
"mixed-target-numeric-rest","node","3","10000","0.233929","0.159675","0.1925586","161","8","301.3005"
"mixed-target-numeric-rest","node","3","100000","2.1706724","0.703","3.6804848","145","1","314.7475"
"mixed-target-numeric-rest","candidate","4","1000","0.1631714","0.064325","0.3982317","460","4","300.2353"
"mixed-target-numeric-rest","candidate","4","10000","0.6704221","0.5568","0.0501501","224","2","300.3491"
"mixed-target-numeric-rest","candidate","4","100000","6.4513128","5.6416","0.7464246","47","1","303.2117"
"mixed-target-numeric-rest","baseline","4","1000","0.3027476","0.262975","0.0263041","248","4","300.3256"
"mixed-target-numeric-rest","baseline","4","10000","3.2831685","3.1182","0.1838395","92","1","302.0515"
"mixed-target-numeric-rest","baseline","4","100000","32.96939","31.7744","1.3739215","10","1","329.6939"
"mixed-target-numeric-rest","node","4","1000","0.0085377","0.0074727","0.0017136","138","256","301.6216"
"mixed-target-numeric-rest","node","4","10000","0.0845208","0.0744187","0.0157838","222","16","300.218"
"mixed-target-numeric-rest","node","4","100000","0.8064626","0.7496","0.0394709","187","2","301.617"
"mixed-target-numeric-rest","baseline","5","1000","0.5051648","0.4496","0.0998871","149","4","301.0782"
"mixed-target-numeric-rest","baseline","5","10000","5.0073787","4.4927","0.5764972","61","1","305.4501"
"mixed-target-numeric-rest","baseline","5","100000","49.530875","45.8863","3.0290049","8","1","396.247"
"mixed-target-numeric-rest","candidate","5","1000","0.1091236","0.094275","0.0169073","172","16","300.3081"
"mixed-target-numeric-rest","candidate","5","10000","1.3110672","0.9475","0.3796813","229","1","300.2344"
"mixed-target-numeric-rest","candidate","5","100000","12.5670542","6.3604","2.4658468","24","1","301.6093"
"mixed-target-numeric-rest","node","5","1000","0.0154898","0.0133125","0.0093793","152","128","301.3696"
"mixed-target-numeric-rest","node","5","10000","0.1482347","0.1342625","0.0205225","253","8","300.027"
"mixed-target-numeric-rest","node","5","100000","1.4475726","1.3815","0.1674691","208","1","301.0951"
"generator-range","baseline","1","1000","0.0043925","0.0042707","0.0002342","267","256","300.2368"
"generator-range","baseline","1","10000","0.0459924","0.0420531","0.0107834","204","32","300.2382"
"generator-range","baseline","1","100000","0.4400371","0.419975","0.0936491","171","4","300.9854"
"generator-range","candidate","1","1000","0.0046618","0.0042703","0.0010178","252","256","300.7389"
"generator-range","candidate","1","10000","0.0471929","0.0420531","0.01753","201","32","303.5449"
"generator-range","candidate","1","100000","0.4368048","0.4206","0.0291775","173","4","302.2689"
"generator-range","node","1","1000","0.0236218","0.0181047","0.0125623","199","64","300.8475"
"generator-range","node","1","10000","0.2019146","0.1712625","0.0673385","186","8","300.4489"
"generator-range","node","1","100000","1.897339","1.7069","0.1808667","159","1","301.6769"
"generator-range","candidate","2","1000","0.005583","0.0042684","0.0043964","210","256","300.1428"
"generator-range","candidate","2","10000","0.0429959","0.04205","0.0022272","219","32","301.3154"
"generator-range","candidate","2","100000","0.4236572","0.419975","0.0136939","178","4","301.6439"
"generator-range","baseline","2","1000","0.0044439","0.0042719","0.00035","264","256","300.3353"
"generator-range","baseline","2","10000","0.0446485","0.0420531","0.006498","210","32","300.0381"
"generator-range","baseline","2","100000","0.2320142","0.2167125","0.0312062","162","8","300.6904"
"generator-range","node","2","1000","0.0093216","0.0075805","0.0029047","253","128","301.8719"
"generator-range","node","2","10000","0.2508176","0.0938875","0.2001171","76","16","304.9942"
"generator-range","node","2","100000","2.2941697","0.932","1.1914749","132","1","302.8304"
"generator-range","baseline","3","1000","0.007782","0.0026312","0.0050027","151","256","300.8212"
"generator-range","baseline","3","10000","0.0617399","0.0222","0.1342807","304","16","300.3031"
"generator-range","baseline","3","100000","0.7540533","0.2252","0.844235","199","2","300.1132"
"generator-range","candidate","3","1000","0.0038119","0.0022289","0.0027995","308","256","300.5644"
"generator-range","candidate","3","10000","0.0220697","0.0196406","0.0007551","213","64","300.8545"
"generator-range","candidate","3","100000","0.2257018","0.216625","0.026301","167","8","301.5376"
"generator-range","node","3","1000","0.0090004","0.0075602","0.0009634","261","128","300.6858"
"generator-range","node","3","10000","0.0843235","0.0772563","0.0120071","223","16","300.8664"
"generator-range","node","3","100000","0.8829459","0.7704","0.0865981","170","2","300.2016"
"generator-range","candidate","4","1000","0.0020408","0.0019531","0.0001156","288","512","300.9351"
"generator-range","candidate","4","10000","0.0203253","0.0190969","0.0016348","231","64","300.4898"
"generator-range","candidate","4","100000","0.2228837","0.1905125","0.0235724","169","8","301.3388"
"generator-range","baseline","4","1000","0.0021706","0.0019547","0.0001771","270","512","300.0601"
"generator-range","baseline","4","10000","0.0193574","0.0183594","0.0006382","243","64","301.0469"
"generator-range","baseline","4","100000","0.1885748","0.1831","0.0121877","199","8","300.2111"
"generator-range","node","4","1000","0.0080701","0.0074289","0.0004541","291","128","300.5965"
"generator-range","node","4","10000","0.0835356","0.0772125","0.0071283","225","16","300.728"
"generator-range","node","4","100000","0.8470725","0.76785","0.0862122","178","2","301.5578"
"generator-range","baseline","5","1000","0.0019381","0.0018846","7.39E-05","152","1024","301.6578"
"generator-range","baseline","5","10000","0.019019","0.0183578","0.001191","247","64","300.6519"
"generator-range","baseline","5","100000","0.1917087","0.183125","0.0156691","196","8","300.5993"
"generator-range","candidate","5","1000","0.0019697","0.0018834","0.0001034","149","1024","300.5295"
"generator-range","candidate","5","10000","0.0237868","0.01865","0.011572","395","32","300.6649"
"generator-range","candidate","5","100000","0.2095846","0.1904625","0.0173645","179","8","300.1252"
"generator-range","node","5","1000","0.0087982","0.0075602","0.0007812","267","128","300.6882"
"generator-range","node","5","10000","0.0842071","0.0773062","0.0060858","223","16","300.4509"
"generator-range","node","5","100000","0.8093121","0.74445","0.0418302","186","2","301.0641"
"parse-integers","baseline","1","1000","0.0004136","0.0004021","1.4E-05","178","4096","301.535"
"parse-integers","baseline","1","10000","0.0040618","0.003874","0.0002171","145","512","301.5485"
"parse-integers","baseline","1","100000","0.0397162","0.0385562","0.0016421","237","32","301.2077"
"parse-integers","candidate","1","1000","0.0004091","0.0004012","1.48E-05","180","4096","301.6391"
"parse-integers","candidate","1","10000","0.0039165","0.0038738","0.0001311","150","512","300.7884"
"parse-integers","candidate","1","100000","0.0389423","0.0385531","0.0010305","241","32","300.3231"
"parse-integers","node","1","1000","0.0044551","0.0043539","0.0001388","264","256","301.0967"
"parse-integers","node","1","10000","0.0459648","0.0437438","0.0037246","205","32","301.5291"
"parse-integers","node","1","100000","1.1417289","1.0472","0.1273186","263","1","300.2747"
"parse-integers","candidate","2","1000","0.0004201","0.0004024","1.42E-05","175","4096","301.154"
"parse-integers","candidate","2","10000","0.0045578","0.0040254","0.0004599","258","256","301.0338"
"parse-integers","candidate","2","100000","0.039283","0.0385531","0.0020786","239","32","300.4367"
"parse-integers","baseline","2","1000","0.0004098","0.0004011","1.53E-05","179","4096","300.4673"
"parse-integers","baseline","2","10000","0.0039547","0.0038744","0.0001283","149","512","301.6929"
"parse-integers","baseline","2","100000","0.0394629","0.0385562","0.0019429","238","32","300.5498"
"parse-integers","node","2","1000","0.0044923","0.004359","0.0001597","261","256","300.1578"
"parse-integers","node","2","10000","0.0450947","0.043625","0.0017956","208","32","300.1506"
"parse-integers","node","2","100000","1.1330376","1.0468","0.1170977","266","1","301.388"
"parse-integers","baseline","3","1000","0.0004095","0.0004013","2.14E-05","179","4096","300.2368"
"parse-integers","baseline","3","10000","0.0039143","0.0038736","8.52E-05","150","512","300.6169"
"parse-integers","baseline","3","100000","0.0405015","0.0385531","0.0032059","232","32","300.6831"
"parse-integers","candidate","3","1000","0.0004583","0.0004033","2.97E-05","160","4096","300.3451"
"parse-integers","candidate","3","10000","0.0041765","0.0038711","0.0002613","281","256","300.438"
"parse-integers","candidate","3","100000","0.0399842","0.0385562","0.0028095","235","32","300.6813"
"parse-integers","node","3","1000","0.0044716","0.0043652","0.000138","263","256","301.0654"
"parse-integers","node","3","10000","0.0444675","0.0436625","0.001696","211","32","300.2444"
"parse-integers","node","3","100000","1.1327291","1.0471","0.1171051","265","1","300.1732"
"parse-integers","candidate","4","1000","0.0004082","0.0004024","8.2E-06","180","4096","300.984"
"parse-integers","candidate","4","10000","0.0039072","0.003876","0.0001072","150","512","300.0715"
"parse-integers","candidate","4","100000","0.0388045","0.0385562","0.0007189","242","32","300.5023"
"parse-integers","baseline","4","1000","0.0004064","0.0004015","1.07E-05","181","4096","301.2866"
"parse-integers","baseline","4","10000","0.003963","0.0038736","0.0002672","148","512","300.3025"
"parse-integers","baseline","4","100000","0.0388605","0.0385531","0.0010828","242","32","300.936"
"parse-integers","node","4","1000","0.0044618","0.0043707","0.0001121","263","256","300.4071"
"parse-integers","node","4","10000","0.0450047","0.0436188","0.0020082","209","32","300.9917"
"parse-integers","node","4","100000","1.1391973","1.0472","0.1272584","264","1","300.7481"
"parse-integers","baseline","5","1000","0.0004073","0.0004012","1.12E-05","180","4096","300.3184"
"parse-integers","baseline","5","10000","0.0039452","0.0038695","0.0002518","298","256","300.9745"
"parse-integers","baseline","5","100000","0.038871","0.0385531","0.000904","242","32","301.0172"
"parse-integers","candidate","5","1000","0.0004064","0.0004012","9.7E-06","181","4096","301.2924"
"parse-integers","candidate","5","10000","0.0039598","0.0038699","0.0001235","296","256","300.0598"
"parse-integers","candidate","5","100000","0.0398186","0.0385531","0.0009186","236","32","300.7101"
"parse-integers","node","5","1000","0.0047075","0.0044086","0.00022","249","256","300.0761"
"parse-integers","node","5","10000","0.0469967","0.0440781","0.0029705","200","32","300.779"
"parse-integers","node","5","100000","1.1577854","1.0489","0.1384384","260","1","301.0242"
"format-fixed","baseline","1","1000","0.0330604","0.0299875","0.0041427","142","64","300.4526"
"format-fixed","baseline","1","10000","0.3564419","0.319125","0.0305094","211","4","300.837"
"format-fixed","baseline","1","100000","3.2425366","3.0874","0.1284672","93","1","301.5559"
"format-fixed","candidate","1","1000","0.0308723","0.0288609","0.0037804","152","64","300.3258"
"format-fixed","candidate","1","10000","0.3065211","0.294675","0.0138349","245","4","300.3907"
"format-fixed","candidate","1","100000","3.1561615","3.0494","0.0638388","96","1","302.9915"
"format-fixed","node","1","1000","0.0803944","0.0771813","0.0029723","234","16","300.9966"
"format-fixed","node","1","10000","0.8206205","0.78195","0.0285073","183","2","300.3471"
"format-fixed","node","1","100000","8.4434917","8.2663","0.112408","36","1","303.9657"
"format-fixed","candidate","2","1000","0.030595","0.0289312","0.0039235","154","64","301.5443"
"format-fixed","candidate","2","10000","0.3593093","0.29915","0.0520064","209","4","300.3826"
"format-fixed","candidate","2","100000","3.6304843","3.179","0.3070903","83","1","301.3302"
"format-fixed","baseline","2","1000","0.0334452","0.0295625","0.0037394","281","32","300.7388"
"format-fixed","baseline","2","10000","0.3351304","0.302325","0.0419972","224","4","300.2768"
"format-fixed","baseline","2","100000","3.2469645","3.0617","0.1212206","93","1","301.9677"
"format-fixed","node","2","1000","0.0834649","0.0767125","0.008654","225","16","300.4735"
"format-fixed","node","2","10000","0.8212566","0.7753","0.0736133","183","2","300.5799"
"format-fixed","node","2","100000","8.3306514","8.1214","0.1565287","37","1","308.2341"
"format-fixed","baseline","3","1000","0.0308187","0.0293187","0.0037194","153","64","301.7765"
"format-fixed","baseline","3","10000","0.324175","0.301775","0.0260632","232","4","300.8344"
"format-fixed","baseline","3","100000","3.2184511","3.0331","0.163558","94","1","302.5344"
"format-fixed","candidate","3","1000","0.03233","0.0284406","0.0026291","290","32","300.022"
"format-fixed","candidate","3","10000","0.3661109","0.308425","0.054803","205","4","300.2109"
"format-fixed","candidate","3","100000","3.4435341","3.0272","0.3214257","88","1","303.031"
"format-fixed","node","3","1000","0.0835094","0.0768313","0.0059406","225","16","300.634"
"format-fixed","node","3","10000","0.8968701","0.8002","0.0840642","335","1","300.4515"
"format-fixed","node","3","100000","8.4707111","8.0891","0.3102858","36","1","304.9456"
"format-fixed","candidate","4","1000","0.0324606","0.0290031","0.0055627","289","32","300.196"
"format-fixed","candidate","4","10000","0.3320003","0.30475","0.0247351","226","4","300.1283"
"format-fixed","candidate","4","100000","3.3769404","3.1316","0.1422156","89","1","300.5477"
"format-fixed","baseline","4","1000","0.0365353","0.0313281","0.00536","257","32","300.4664"
"format-fixed","baseline","4","10000","0.4837753","0.332875","0.1382253","156","4","301.8758"
"format-fixed","baseline","4","100000","6.078912","3.9759","1.9884197","50","1","303.9456"
"format-fixed","node","4","1000","0.2111341","0.08145","0.0900325","90","16","304.0331"
"format-fixed","node","4","10000","2.8693562","0.9575","2.1450768","105","1","301.2824"
"format-fixed","node","4","100000","25.3330308","9.9028","10.9536049","13","1","329.3294"
"format-fixed","baseline","5","1000","0.1532546","0.0996625","0.1080391","245","8","300.379"
"format-fixed","baseline","5","10000","1.4183481","1.026","1.0426416","212","1","300.6898"
"format-fixed","baseline","5","100000","4.62416","3.9384","0.5792592","65","1","300.5704"
"format-fixed","candidate","5","1000","0.0398417","0.034425","0.0051999","236","32","300.8843"
"format-fixed","candidate","5","10000","0.3773207","0.299025","0.0601327","199","4","300.3473"
"format-fixed","candidate","5","100000","3.9102351","3.1799","0.4497333","77","1","301.0881"
"format-fixed","node","5","1000","0.0997777","0.080375","0.0158218","188","16","300.1312"
"format-fixed","node","5","10000","1.0661489","0.8306","0.172271","141","2","300.654"
"format-fixed","node","5","100000","10.4752655","8.6793","1.2642016","29","1","303.7827"
