variant,runtime,workload,n,launch,mean_ms
baseline,compiled,custom-iterator-dynamic-control,10000,1,2.8408642
baseline,compiled,custom-iterator-dynamic-control,100000,1,16.7686833
candidate,compiled,custom-iterator-dynamic-control,10000,1,2.0096013
candidate,compiled,custom-iterator-dynamic-control,100000,1,3.8474821
baseline,interpreter,custom-iterator-dynamic-control,10000,1,42.06595
baseline,interpreter,custom-iterator-dynamic-control,100000,1,102.764
candidate,interpreter,custom-iterator-dynamic-control,10000,1,30.75851
candidate,interpreter,custom-iterator-dynamic-control,100000,1,60.87365
reference,node,custom-iterator-dynamic-control,10000,1,0.0351153
reference,node,custom-iterator-dynamic-control,100000,1,0.3458083
candidate,compiled,custom-iterator-dynamic-control,10000,2,1.0936389
candidate,compiled,custom-iterator-dynamic-control,100000,2,3.638494
baseline,compiled,custom-iterator-dynamic-control,10000,2,5.1733017
baseline,compiled,custom-iterator-dynamic-control,100000,2,15.03763
candidate,interpreter,custom-iterator-dynamic-control,10000,2,25.2327083
candidate,interpreter,custom-iterator-dynamic-control,100000,2,67.342775
baseline,interpreter,custom-iterator-dynamic-control,10000,2,38.309875
baseline,interpreter,custom-iterator-dynamic-control,100000,2,96.8238125
reference,node,custom-iterator-dynamic-control,10000,2,0.0323135
reference,node,custom-iterator-dynamic-control,100000,2,0.319483
baseline,compiled,custom-iterator-dynamic-control,10000,3,4.8779887
baseline,compiled,custom-iterator-dynamic-control,100000,3,14.7585762
candidate,compiled,custom-iterator-dynamic-control,10000,3,1.0215585
candidate,compiled,custom-iterator-dynamic-control,100000,3,4.1673486
baseline,interpreter,custom-iterator-dynamic-control,10000,3,42.2109625
baseline,interpreter,custom-iterator-dynamic-control,100000,3,112.37255
candidate,interpreter,custom-iterator-dynamic-control,10000,3,15.9558053
candidate,interpreter,custom-iterator-dynamic-control,100000,3,61.2226
reference,node,custom-iterator-dynamic-control,10000,3,0.0304155
reference,node,custom-iterator-dynamic-control,100000,3,0.3032433
candidate,compiled,custom-iterator-dynamic-control,10000,4,1.4232109
candidate,compiled,custom-iterator-dynamic-control,100000,4,3.3405322
baseline,compiled,custom-iterator-dynamic-control,10000,4,3.9606526
baseline,compiled,custom-iterator-dynamic-control,100000,4,15.27699
candidate,interpreter,custom-iterator-dynamic-control,10000,4,31.7127
candidate,interpreter,custom-iterator-dynamic-control,100000,4,64.90915
baseline,interpreter,custom-iterator-dynamic-control,10000,4,56.5738125
baseline,interpreter,custom-iterator-dynamic-control,100000,4,100.9062875
reference,node,custom-iterator-dynamic-control,10000,4,0.0351602
reference,node,custom-iterator-dynamic-control,100000,4,0.3059276
baseline,compiled,custom-iterator-dynamic-control,10000,5,6.6814311
baseline,compiled,custom-iterator-dynamic-control,100000,5,15.478085
candidate,compiled,custom-iterator-dynamic-control,10000,5,2.2431837
candidate,compiled,custom-iterator-dynamic-control,100000,5,3.6740756
baseline,interpreter,custom-iterator-dynamic-control,10000,5,43.6613625
baseline,interpreter,custom-iterator-dynamic-control,100000,5,101.957375
candidate,interpreter,custom-iterator-dynamic-control,10000,5,21.8202571
candidate,interpreter,custom-iterator-dynamic-control,100000,5,74.0393125
reference,node,custom-iterator-dynamic-control,10000,5,0.0493739
reference,node,custom-iterator-dynamic-control,100000,5,0.4231541
baseline,compiled,custom-iterator,10000,1,0.0362362
baseline,compiled,custom-iterator,100000,1,0.214093
candidate,compiled,custom-iterator,10000,1,0.0577407
candidate,compiled,custom-iterator,100000,1,0.247056
baseline,interpreter,custom-iterator,10000,1,55.119475
baseline,interpreter,custom-iterator,100000,1,333.3215714
candidate,interpreter,custom-iterator,10000,1,108.1662
candidate,interpreter,custom-iterator,100000,1,103.8443375
reference,node,custom-iterator,10000,1,0.0391563
reference,node,custom-iterator,100000,1,0.3862735
candidate,compiled,custom-iterator,10000,2,0.049819
candidate,compiled,custom-iterator,100000,2,0.2573871
baseline,compiled,custom-iterator,10000,2,0.0513325
baseline,compiled,custom-iterator,100000,2,0.2229544
candidate,interpreter,custom-iterator,10000,2,30.31737
candidate,interpreter,custom-iterator,100000,2,67.8852
baseline,interpreter,custom-iterator,10000,2,38.97665
baseline,interpreter,custom-iterator,100000,2,111.9916125
reference,node,custom-iterator,10000,2,0.0438777
reference,node,custom-iterator,100000,2,0.3862206
baseline,compiled,custom-iterator,10000,3,0.0452603
baseline,compiled,custom-iterator,100000,3,0.2202883
candidate,compiled,custom-iterator,10000,3,0.0457046
candidate,compiled,custom-iterator,100000,3,0.2379661
baseline,interpreter,custom-iterator,10000,3,46.1173875
baseline,interpreter,custom-iterator,100000,3,108.734675
candidate,interpreter,custom-iterator,10000,3,30.14267
candidate,interpreter,custom-iterator,100000,3,80.8961625
reference,node,custom-iterator,10000,3,0.0544984
reference,node,custom-iterator,100000,3,0.481
candidate,compiled,custom-iterator,10000,4,0.0495113
candidate,compiled,custom-iterator,100000,4,0.2187391
baseline,compiled,custom-iterator,10000,4,0.0388912
baseline,compiled,custom-iterator,100000,4,0.2091519
candidate,interpreter,custom-iterator,10000,4,25.1859333
candidate,interpreter,custom-iterator,100000,4,73.10735
baseline,interpreter,custom-iterator,10000,4,45.16255
baseline,interpreter,custom-iterator,100000,4,113.1593
reference,node,custom-iterator,10000,4,0.0667022
reference,node,custom-iterator,100000,4,0.3349541
baseline,compiled,custom-iterator,10000,5,0.0651212
baseline,compiled,custom-iterator,100000,5,0.5805789
candidate,compiled,custom-iterator,10000,5,0.0449249
candidate,compiled,custom-iterator,100000,5,0.2143459
baseline,interpreter,custom-iterator,10000,5,42.683575
baseline,interpreter,custom-iterator,100000,5,174.59675
candidate,interpreter,custom-iterator,10000,5,106.562425
candidate,interpreter,custom-iterator,100000,5,142.79395
reference,node,custom-iterator,10000,5,0.0391582
reference,node,custom-iterator,100000,5,0.3216247
