path,mode,baseline,candidate
language/expressions/array/11.1.4_4-5-1.js,Interpreted,Pass,Pass
language/expressions/array/11.1.4_4-5-1.js,Compiled,Pass,Pass
language/expressions/array/11.1.4_5-6-1.js,Interpreted,Pass,Pass
language/expressions/array/11.1.4_5-6-1.js,Compiled,Pass,Pass
language/expressions/array/11.1.4-0.js,Interpreted,Pass,Pass
language/expressions/array/11.1.4-0.js,Compiled,Pass,Pass
language/expressions/array/S11.1.4_A1.1.js,Interpreted,Fail,Fail
language/expressions/array/S11.1.4_A1.1.js,Compiled,Pass,Pass
language/expressions/array/S11.1.4_A1.2.js,Interpreted,Fail,Fail
language/expressions/array/S11.1.4_A1.2.js,Compiled,Pass,Pass
language/expressions/array/S11.1.4_A1.3.js,Interpreted,Fail,Fail
language/expressions/array/S11.1.4_A1.3.js,Compiled,Pass,Pass
language/expressions/array/S11.1.4_A1.4.js,Interpreted,Fail,Fail
language/expressions/array/S11.1.4_A1.4.js,Compiled,Pass,Pass
language/expressions/array/S11.1.4_A1.5.js,Interpreted,Fail,Fail
language/expressions/array/S11.1.4_A1.5.js,Compiled,Pass,Pass
language/expressions/array/S11.1.4_A1.6.js,Interpreted,Fail,Fail
language/expressions/array/S11.1.4_A1.6.js,Compiled,Pass,Pass
language/expressions/array/S11.1.4_A1.7.js,Interpreted,Fail,Fail
language/expressions/array/S11.1.4_A1.7.js,Compiled,Pass,Pass
language/expressions/array/S11.1.4_A2.js,Interpreted,Fail,Fail
language/expressions/array/S11.1.4_A2.js,Compiled,Pass,Pass
language/expressions/array/spread-err-mult-err-expr-throws.js,Interpreted,Pass,Pass
language/expressions/array/spread-err-mult-err-expr-throws.js,Compiled,Pass,Pass
language/expressions/array/spread-err-mult-err-iter-get-value.js,Interpreted,Pass,Pass
language/expressions/array/spread-err-mult-err-iter-get-value.js,Compiled,Pass,Pass
language/expressions/array/spread-err-mult-err-itr-get-call.js,Interpreted,Pass,Pass
language/expressions/array/spread-err-mult-err-itr-get-call.js,Compiled,Pass,Pass
language/expressions/array/spread-err-mult-err-itr-get-get.js,Interpreted,Pass,Pass
language/expressions/array/spread-err-mult-err-itr-get-get.js,Compiled,Pass,Pass
language/expressions/array/spread-err-mult-err-itr-step.js,Interpreted,Pass,Pass
language/expressions/array/spread-err-mult-err-itr-step.js,Compiled,Pass,Pass
language/expressions/array/spread-err-mult-err-itr-value.js,Interpreted,Pass,Pass
language/expressions/array/spread-err-mult-err-itr-value.js,Compiled,Pass,Pass
language/expressions/array/spread-err-mult-err-obj-unresolvable.js,Interpreted,Pass,Pass
language/expressions/array/spread-err-mult-err-obj-unresolvable.js,Compiled,Pass,Pass
language/expressions/array/spread-err-mult-err-unresolvable.js,Interpreted,Pass,Pass
language/expressions/array/spread-err-mult-err-unresolvable.js,Compiled,Pass,Pass
language/expressions/array/spread-err-sngl-err-expr-throws.js,Interpreted,Pass,Pass
language/expressions/array/spread-err-sngl-err-expr-throws.js,Compiled,Pass,Pass
language/expressions/array/spread-err-sngl-err-itr-get-call.js,Interpreted,Pass,Pass
language/expressions/array/spread-err-sngl-err-itr-get-call.js,Compiled,Pass,Pass
language/expressions/array/spread-err-sngl-err-itr-get-get.js,Interpreted,Pass,Pass
language/expressions/array/spread-err-sngl-err-itr-get-get.js,Compiled,Pass,Pass
language/expressions/array/spread-err-sngl-err-itr-get-value.js,Interpreted,Pass,Pass
language/expressions/array/spread-err-sngl-err-itr-get-value.js,Compiled,Pass,Pass
language/expressions/array/spread-err-sngl-err-itr-step.js,Interpreted,Pass,Pass
language/expressions/array/spread-err-sngl-err-itr-step.js,Compiled,Pass,Pass
language/expressions/array/spread-err-sngl-err-itr-value.js,Interpreted,Pass,Pass
language/expressions/array/spread-err-sngl-err-itr-value.js,Compiled,Pass,Pass
language/expressions/array/spread-err-sngl-err-obj-unresolvable.js,Interpreted,Pass,Pass
language/expressions/array/spread-err-sngl-err-obj-unresolvable.js,Compiled,Pass,Pass
language/expressions/array/spread-err-sngl-err-unresolvable.js,Interpreted,Pass,Pass
language/expressions/array/spread-err-sngl-err-unresolvable.js,Compiled,Pass,Pass
language/expressions/array/spread-mult-empty.js,Interpreted,Pass,Pass
language/expressions/array/spread-mult-empty.js,Compiled,Pass,Pass
language/expressions/array/spread-mult-expr.js,Interpreted,Pass,Pass
language/expressions/array/spread-mult-expr.js,Compiled,Pass,Pass
language/expressions/array/spread-mult-iter.js,Interpreted,Pass,Pass
language/expressions/array/spread-mult-iter.js,Compiled,Pass,Pass
language/expressions/array/spread-mult-literal.js,Interpreted,Pass,Pass
language/expressions/array/spread-mult-literal.js,Compiled,Pass,Pass
language/expressions/array/spread-mult-obj-ident.js,Interpreted,Pass,Pass
language/expressions/array/spread-mult-obj-ident.js,Compiled,Pass,Pass
language/expressions/array/spread-mult-obj-null.js,Interpreted,Pass,Pass
language/expressions/array/spread-mult-obj-null.js,Compiled,Pass,Pass
language/expressions/array/spread-mult-obj-undefined.js,Interpreted,Pass,Pass
language/expressions/array/spread-mult-obj-undefined.js,Compiled,Pass,Pass
language/expressions/array/spread-obj-getter-descriptor.js,Interpreted,Pass,Pass
language/expressions/array/spread-obj-getter-descriptor.js,Compiled,Pass,Pass
language/expressions/array/spread-obj-getter-init.js,Interpreted,Pass,Pass
language/expressions/array/spread-obj-getter-init.js,Compiled,Pass,Pass
language/expressions/array/spread-obj-manipulate-outter-obj-in-getter.js,Interpreted,Pass,Pass
language/expressions/array/spread-obj-manipulate-outter-obj-in-getter.js,Compiled,Pass,Pass
language/expressions/array/spread-obj-mult-spread-getter.js,Interpreted,Pass,Pass
language/expressions/array/spread-obj-mult-spread-getter.js,Compiled,Pass,Pass
language/expressions/array/spread-obj-mult-spread.js,Interpreted,Pass,Pass
language/expressions/array/spread-obj-mult-spread.js,Compiled,Pass,Pass
language/expressions/array/spread-obj-null.js,Interpreted,Pass,Pass
language/expressions/array/spread-obj-null.js,Compiled,Pass,Pass
language/expressions/array/spread-obj-override-immutable.js,Interpreted,Pass,Pass
language/expressions/array/spread-obj-override-immutable.js,Compiled,Pass,Pass
language/expressions/array/spread-obj-overrides-prev-properties.js,Interpreted,Pass,Pass
language/expressions/array/spread-obj-overrides-prev-properties.js,Compiled,Pass,Pass
language/expressions/array/spread-obj-skip-non-enumerable.js,Interpreted,Pass,Pass
language/expressions/array/spread-obj-skip-non-enumerable.js,Compiled,Pass,Pass
language/expressions/array/spread-obj-spread-order.js,Interpreted,Pass,Pass
language/expressions/array/spread-obj-spread-order.js,Compiled,Pass,Pass
language/expressions/array/spread-obj-symbol-property.js,Interpreted,Pass,Pass
language/expressions/array/spread-obj-symbol-property.js,Compiled,Pass,Pass
language/expressions/array/spread-obj-undefined.js,Interpreted,Pass,Pass
language/expressions/array/spread-obj-undefined.js,Compiled,Pass,Pass
language/expressions/array/spread-obj-with-overrides.js,Interpreted,Pass,Pass
language/expressions/array/spread-obj-with-overrides.js,Compiled,Pass,Pass
language/expressions/array/spread-sngl-empty.js,Interpreted,Pass,Pass
language/expressions/array/spread-sngl-empty.js,Compiled,Pass,Pass
language/expressions/array/spread-sngl-expr.js,Interpreted,Pass,Pass
language/expressions/array/spread-sngl-expr.js,Compiled,Pass,Pass
language/expressions/array/spread-sngl-iter.js,Interpreted,Pass,Pass
language/expressions/array/spread-sngl-iter.js,Compiled,Pass,Pass
language/expressions/array/spread-sngl-literal.js,Interpreted,Pass,Pass
language/expressions/array/spread-sngl-literal.js,Compiled,Pass,Pass
language/expressions/array/spread-sngl-obj-ident.js,Interpreted,Pass,Pass
language/expressions/array/spread-sngl-obj-ident.js,Compiled,Pass,Pass
built-ins/Array/prototype/filter/15.4.4.20-2-4.js,Interpreted,Pass,Pass
built-ins/Array/prototype/filter/15.4.4.20-2-4.js,Compiled,Pass,Pass
built-ins/Array/prototype/find/array-altered-during-loop.js,Interpreted,Pass,Pass
built-ins/Array/prototype/find/array-altered-during-loop.js,Compiled,Pass,Pass
built-ins/Array/prototype/findIndex/array-altered-during-loop.js,Interpreted,Pass,Pass
built-ins/Array/prototype/findIndex/array-altered-during-loop.js,Compiled,Pass,Pass
built-ins/Array/prototype/forEach/15.4.4.18-2-4.js,Interpreted,Pass,Pass
built-ins/Array/prototype/forEach/15.4.4.18-2-4.js,Compiled,Pass,Pass
built-ins/Array/prototype/map/15.4.4.19-2-4.js,Interpreted,Pass,Pass
built-ins/Array/prototype/map/15.4.4.19-2-4.js,Compiled,Pass,Pass
built-ins/Array/prototype/reduce/15.4.4.21-2-4.js,Interpreted,Pass,Pass
built-ins/Array/prototype/reduce/15.4.4.21-2-4.js,Compiled,Pass,Pass
