platform,workload,mode,version,launch,name,param,meanMs,minMs,stdevMs,samples,inner,sampledMs
windows,worker-allocation-scaling,compiled,baseline,1,worker-allocation-direct,20000,26.2761308,8.8899,14.239918,39,1,1024.7691
windows,worker-allocation-scaling,compiled,baseline,1,worker-allocation-fixed-work,1,35.5236,15.6169,15.3303923,29,1,1030.1844
windows,worker-allocation-scaling,compiled,baseline,1,worker-allocation-fixed-work,2,29.4489706,7.4896,18.1992055,34,1,1001.265
windows,worker-allocation-scaling,compiled,baseline,1,worker-allocation-fixed-work,4,9.128555,3.9893,4.3607917,111,1,1013.2696
windows,worker-allocation-scaling,compiled,baseline,2,worker-allocation-direct,20000,18.9298623,4.4478,9.735487,53,1,1003.2827
windows,worker-allocation-scaling,compiled,baseline,2,worker-allocation-fixed-work,1,27.6416079,8.9448,13.2771429,38,1,1050.3811
windows,worker-allocation-scaling,compiled,baseline,2,worker-allocation-fixed-work,2,23.01295,5.0034,14.275997,44,1,1012.5698
windows,worker-allocation-scaling,compiled,baseline,2,worker-allocation-fixed-work,4,10.4295031,3.9353,4.5606537,97,1,1011.6618
windows,worker-allocation-scaling,compiled,baseline,3,worker-allocation-direct,20000,19.6888431,4.4187,10.5871265,51,1,1004.131
windows,worker-allocation-scaling,compiled,baseline,3,worker-allocation-fixed-work,1,25.770361,8.4925,15.1727478,41,1,1056.5848
windows,worker-allocation-scaling,compiled,baseline,3,worker-allocation-fixed-work,2,23.4328977,4.7464,13.5047677,44,1,1031.0475
windows,worker-allocation-scaling,compiled,baseline,3,worker-allocation-fixed-work,4,7.7545713,3.8315,3.181413,129,1,1000.3397
windows,worker-allocation-scaling,compiled,baseline,4,worker-allocation-direct,20000,21.045725,4.7808,14.6937095,48,1,1010.1948
windows,worker-allocation-scaling,compiled,baseline,4,worker-allocation-fixed-work,1,31.4523844,14.3567,14.978468,32,1,1006.4763
windows,worker-allocation-scaling,compiled,baseline,4,worker-allocation-fixed-work,2,25.0206275,4.6455,14.245275,40,1,1000.8251
windows,worker-allocation-scaling,compiled,baseline,4,worker-allocation-fixed-work,4,8.1119202,3.829,3.643895,124,1,1005.8781
windows,worker-allocation-scaling,compiled,baseline,5,worker-allocation-direct,20000,21.2585625,8.524,11.407454,48,1,1020.411
windows,worker-allocation-scaling,compiled,baseline,5,worker-allocation-fixed-work,1,33.3720516,13.8343,15.7034987,31,1,1034.5336
windows,worker-allocation-scaling,compiled,baseline,5,worker-allocation-fixed-work,2,26.7923763,4.367,15.4273662,38,1,1018.1103
windows,worker-allocation-scaling,compiled,baseline,5,worker-allocation-fixed-work,4,10.55538,3.8032,4.6178168,95,1,1002.7611
windows,worker-allocation-scaling,compiled,candidate,1,worker-allocation-direct,20000,6.2464783,2.4127,6.8451552,161,1,1005.683
windows,worker-allocation-scaling,compiled,candidate,1,worker-allocation-fixed-work,1,9.0576545,3.0821,9.9073172,112,1,1014.4573
windows,worker-allocation-scaling,compiled,candidate,1,worker-allocation-fixed-work,2,11.1113935,1.6985,13.8205388,92,1,1022.2482
windows,worker-allocation-scaling,compiled,candidate,1,worker-allocation-fixed-work,4,2.5062674,0.912,1.5841518,399,1,1000.0007
windows,worker-allocation-scaling,compiled,candidate,2,worker-allocation-direct,20000,6.4243471,2.3944,7.0139388,157,1,1008.6225
windows,worker-allocation-scaling,compiled,candidate,2,worker-allocation-fixed-work,1,8.9249921,2.9918,9.901021,114,1,1017.4491
windows,worker-allocation-scaling,compiled,candidate,2,worker-allocation-fixed-work,2,6.3099616,1.7338,6.9996319,159,1,1003.2839
windows,worker-allocation-scaling,compiled,candidate,2,worker-allocation-fixed-work,4,2.5670421,0.9345,1.50579,390,1,1001.1464
windows,worker-allocation-scaling,compiled,candidate,3,worker-allocation-direct,20000,5.0299925,1.1684,6.108952,200,1,1005.9985
windows,worker-allocation-scaling,compiled,candidate,3,worker-allocation-fixed-work,1,7.4213228,1.9701,7.8910628,136,1,1009.2999
windows,worker-allocation-scaling,compiled,candidate,3,worker-allocation-fixed-work,2,9.1850183,1.06,10.9495004,109,1,1001.167
windows,worker-allocation-scaling,compiled,candidate,3,worker-allocation-fixed-work,4,2.6632332,0.849,1.3838208,376,1,1001.3757
windows,worker-allocation-scaling,compiled,candidate,4,worker-allocation-direct,20000,5.1923464,1.2853,6.1770193,194,1,1007.3152
windows,worker-allocation-scaling,compiled,candidate,4,worker-allocation-fixed-work,1,7.8308539,1.9913,8.9736395,128,1,1002.3493
windows,worker-allocation-scaling,compiled,candidate,4,worker-allocation-fixed-work,2,9.0679117,1.0884,12.8170795,111,1,1006.5382
windows,worker-allocation-scaling,compiled,candidate,4,worker-allocation-fixed-work,4,2.6604886,0.8803,1.3711038,376,1,1000.3437
windows,worker-allocation-scaling,compiled,candidate,5,worker-allocation-direct,20000,6.5481712,2.3894,7.2938301,153,1,1001.8702
windows,worker-allocation-scaling,compiled,candidate,5,worker-allocation-fixed-work,1,8.4929161,3.0156,9.0269455,118,1,1002.1641
windows,worker-allocation-scaling,compiled,candidate,5,worker-allocation-fixed-work,2,8.2490306,1.6972,8.5565234,124,1,1022.8798
windows,worker-allocation-scaling,compiled,candidate,5,worker-allocation-fixed-work,4,2.386815,0.8628,1.5560619,420,1,1002.4623
windows,worker-allocation-scaling,interpreter,baseline,1,worker-allocation-direct,20000,139.5697,111.9518,17.6890752,8,1,1116.5576
windows,worker-allocation-scaling,interpreter,baseline,1,worker-allocation-fixed-work,1,165.9469875,124.3181,37.3777327,8,1,1327.5759
windows,worker-allocation-scaling,interpreter,baseline,1,worker-allocation-fixed-work,2,121.5,94.4919,28.2997828,9,1,1093.5
windows,worker-allocation-scaling,interpreter,baseline,1,worker-allocation-fixed-work,4,102.9613,63.3826,28.705155,10,1,1029.613
windows,worker-allocation-scaling,interpreter,baseline,2,worker-allocation-direct,20000,109.62341,54.5137,35.5709585,10,1,1096.2341
windows,worker-allocation-scaling,interpreter,baseline,2,worker-allocation-fixed-work,1,150.405175,111.0576,27.9869294,8,1,1203.2414
windows,worker-allocation-scaling,interpreter,baseline,2,worker-allocation-fixed-work,2,111.4982,63.6634,28.9928723,9,1,1003.4838
windows,worker-allocation-scaling,interpreter,baseline,2,worker-allocation-fixed-work,4,100.44546,63.6424,26.0586386,10,1,1004.4546
windows,worker-allocation-scaling,interpreter,baseline,3,worker-allocation-direct,20000,126.3587125,98.9743,24.8065039,8,1,1010.8697
windows,worker-allocation-scaling,interpreter,baseline,3,worker-allocation-fixed-work,1,157.6132375,111.5383,36.3205822,8,1,1260.9059
windows,worker-allocation-scaling,interpreter,baseline,3,worker-allocation-fixed-work,2,116.5558444,78.7118,28.8308247,9,1,1049.0026
windows,worker-allocation-scaling,interpreter,baseline,3,worker-allocation-fixed-work,4,114.7021444,78.8777,34.6402168,9,1,1032.3193
windows,worker-allocation-scaling,interpreter,baseline,4,worker-allocation-direct,20000,116.4727778,90.8967,27.91502,9,1,1048.255
windows,worker-allocation-scaling,interpreter,baseline,4,worker-allocation-fixed-work,1,134.4253625,79.5144,30.3970109,8,1,1075.4029
windows,worker-allocation-scaling,interpreter,baseline,4,worker-allocation-fixed-work,2,128.652825,79.1457,34.4371774,8,1,1029.2226
windows,worker-allocation-scaling,interpreter,baseline,4,worker-allocation-fixed-work,4,109.26825,63.2244,23.0541947,10,1,1092.6825
windows,worker-allocation-scaling,interpreter,baseline,5,worker-allocation-direct,20000,132.070175,104.3987,25.6311372,8,1,1056.5614
windows,worker-allocation-scaling,interpreter,baseline,5,worker-allocation-fixed-work,1,153.15175,106.6748,40.391158,8,1,1225.214
windows,worker-allocation-scaling,interpreter,baseline,5,worker-allocation-fixed-work,2,134.2993,94.4746,30.6300252,8,1,1074.3944
windows,worker-allocation-scaling,interpreter,baseline,5,worker-allocation-fixed-work,4,103.23619,63.21,26.3247945,10,1,1032.3619
windows,worker-allocation-scaling,interpreter,candidate,1,worker-allocation-direct,20000,138.66885,112.4835,16.5195036,8,1,1109.3508
windows,worker-allocation-scaling,interpreter,candidate,1,worker-allocation-fixed-work,1,147.3284125,110.0995,29.6224288,8,1,1178.6273
windows,worker-allocation-scaling,interpreter,candidate,1,worker-allocation-fixed-work,2,115.5246778,78.7265,32.7882313,9,1,1039.7221
windows,worker-allocation-scaling,interpreter,candidate,1,worker-allocation-fixed-work,4,174.626475,63.242,100.4955636,8,1,1397.0118
windows,worker-allocation-scaling,interpreter,candidate,2,worker-allocation-direct,20000,148.9089875,112.9612,30.1429212,8,1,1191.2719
windows,worker-allocation-scaling,interpreter,candidate,2,worker-allocation-fixed-work,1,151.7182375,110.9613,34.5521187,8,1,1213.7459
windows,worker-allocation-scaling,interpreter,candidate,2,worker-allocation-fixed-work,2,104.2407,77.8507,19.8966851,10,1,1042.407
windows,worker-allocation-scaling,interpreter,candidate,2,worker-allocation-fixed-work,4,89.0964667,47.4472,32.3588361,12,1,1069.1576
windows,worker-allocation-scaling,interpreter,candidate,3,worker-allocation-direct,20000,111.6457556,56.087,33.3164105,9,1,1004.8118
windows,worker-allocation-scaling,interpreter,candidate,3,worker-allocation-fixed-work,1,104.71091,62.7293,43.5390391,10,1,1047.1091
windows,worker-allocation-scaling,interpreter,candidate,3,worker-allocation-fixed-work,2,113.7523556,78.7809,32.6207628,9,1,1023.7712
windows,worker-allocation-scaling,interpreter,candidate,3,worker-allocation-fixed-work,4,91.1892727,63.4562,22.7597604,11,1,1003.082
windows,worker-allocation-scaling,interpreter,candidate,4,worker-allocation-direct,20000,129.9711375,107.492,26.5020698,8,1,1039.7691
windows,worker-allocation-scaling,interpreter,candidate,4,worker-allocation-fixed-work,1,147.982975,111.3575,36.9601164,8,1,1183.8638
windows,worker-allocation-scaling,interpreter,candidate,4,worker-allocation-fixed-work,2,101.5314,46.9343,31.6516183,10,1,1015.314
windows,worker-allocation-scaling,interpreter,candidate,4,worker-allocation-fixed-work,4,92.9808417,47.5449,33.2666382,12,1,1115.7701
windows,worker-allocation-scaling,interpreter,candidate,5,worker-allocation-direct,20000,143.9670125,107.9878,30.2578385,8,1,1151.7361
windows,worker-allocation-scaling,interpreter,candidate,5,worker-allocation-fixed-work,1,151.93655,124.3113,25.6265071,8,1,1215.4924
windows,worker-allocation-scaling,interpreter,candidate,5,worker-allocation-fixed-work,2,126.9532125,94.7569,38.137263,8,1,1015.6257
windows,worker-allocation-scaling,interpreter,candidate,5,worker-allocation-fixed-work,4,104.61984,63.6827,23.9148382,10,1,1046.1984
windows,worker-allocation-scaling,node,control,1,worker-allocation-direct,20000,0.9748033,0.55785,0.3877565,514,2,1002.0978
windows,worker-allocation-scaling,node,control,1,worker-allocation-fixed-work,1,0.7402437,0.6132,0.1316208,676,2,1000.8095
windows,worker-allocation-scaling,node,control,1,worker-allocation-fixed-work,2,0.711033,0.35285,0.2720204,704,2,1001.1345
windows,worker-allocation-scaling,node,control,1,worker-allocation-fixed-work,4,0.6318024,0.3016,0.1723639,792,2,1000.775
windows,worker-allocation-scaling,node,control,2,worker-allocation-direct,20000,1.1139209,0.55855,0.5738707,449,2,1000.301
windows,worker-allocation-scaling,node,control,2,worker-allocation-fixed-work,1,0.746795,0.34845,0.5379885,670,2,1000.7053
windows,worker-allocation-scaling,node,control,2,worker-allocation-fixed-work,2,0.7004256,0.30605,0.5475145,714,2,1000.2077
windows,worker-allocation-scaling,node,control,2,worker-allocation-fixed-work,4,0.7997322,0.2179,0.7261282,1251,1,1000.465
windows,worker-allocation-scaling,node,control,3,worker-allocation-direct,20000,1.0166098,0.5503,0.4261124,492,2,1000.344
windows,worker-allocation-scaling,node,control,3,worker-allocation-fixed-work,1,0.6898963,0.34785,0.4667311,726,2,1001.7294
windows,worker-allocation-scaling,node,control,3,worker-allocation-fixed-work,2,0.6523278,0.3297,0.2410942,767,2,1000.6709
windows,worker-allocation-scaling,node,control,3,worker-allocation-fixed-work,4,0.689716,0.29295,0.3330904,725,2,1000.0882
windows,worker-allocation-scaling,node,control,4,worker-allocation-direct,20000,1.0848829,0.5508,0.4998165,461,2,1000.262
windows,worker-allocation-scaling,node,control,4,worker-allocation-fixed-work,1,1.0165504,0.6025,0.6570354,493,2,1002.3187
windows,worker-allocation-scaling,node,control,4,worker-allocation-fixed-work,2,0.7290929,0.28985,0.6533267,686,2,1000.3154
windows,worker-allocation-scaling,node,control,4,worker-allocation-fixed-work,4,0.9423829,0.2225,1.714518,271,4,1021.5431
windows,worker-allocation-scaling,node,control,5,worker-allocation-direct,20000,1.0200182,0.55805,0.4280913,491,2,1001.6579
windows,worker-allocation-scaling,node,control,5,worker-allocation-fixed-work,1,0.7615344,0.59965,0.5219391,657,2,1000.6562
windows,worker-allocation-scaling,node,control,5,worker-allocation-fixed-work,2,0.638588,0.279,0.1849766,783,2,1000.0288
windows,worker-allocation-scaling,node,control,5,worker-allocation-fixed-work,4,0.7106996,0.355125,0.2592747,352,4,1000.665
windows,worker-message-latency,compiled,baseline,1,worker-message-roundtrip,1,14.7682357,0.3337,10.3990222,70,1,1033.7765
windows,worker-message-latency,compiled,baseline,1,worker-message-roundtrip,2,12.2556049,0.07245,13.9749246,41,2,1004.9596
windows,worker-message-latency,compiled,baseline,1,worker-message-roundtrip,4,18.9122189,0.1221,19.6869445,53,1,1002.3476
windows,worker-message-latency,compiled,baseline,2,worker-message-roundtrip,1,12.7749392,0.0994,7.0539241,79,1,1009.2202
windows,worker-message-latency,compiled,baseline,2,worker-message-roundtrip,2,16.7490082,0.0711,10.2573712,61,1,1021.6895
windows,worker-message-latency,compiled,baseline,2,worker-message-roundtrip,4,14.5866085,0.1162,12.0292392,71,1,1035.6492
windows,worker-message-latency,compiled,baseline,3,worker-message-roundtrip,1,14.8598559,0.15,16.5980686,68,1,1010.4702
windows,worker-message-latency,compiled,baseline,3,worker-message-roundtrip,2,3.0809951,0.061,6.1918192,164,2,1010.5664
windows,worker-message-latency,compiled,baseline,3,worker-message-roundtrip,4,10.3126711,0.0578,20.5087893,97,1,1000.3291
windows,worker-message-latency,compiled,baseline,4,worker-message-roundtrip,1,16.9151233,0.1284,10.4820814,60,1,1014.9074
windows,worker-message-latency,compiled,baseline,4,worker-message-roundtrip,2,7.9180336,0.0265,8.6956513,128,1,1013.5083
windows,worker-message-latency,compiled,baseline,4,worker-message-roundtrip,4,11.5520851,0.081,5.8571735,87,1,1005.0314
windows,worker-message-latency,compiled,baseline,5,worker-message-roundtrip,1,15.6452797,0.1074,19.667188,64,1,1001.2979
windows,worker-message-latency,compiled,baseline,5,worker-message-roundtrip,2,5.9800091,0.0448625,5.9610315,22,8,1052.4816
windows,worker-message-latency,compiled,baseline,5,worker-message-roundtrip,4,13.9571083,0.1201,4.7791922,72,1,1004.9118
windows,worker-message-latency,compiled,candidate,1,worker-message-roundtrip,1,12.8513231,0.1189,9.7547154,78,1,1002.4032
windows,worker-message-latency,compiled,candidate,1,worker-message-roundtrip,2,10.098799,0.079,16.3560819,103,1,1040.1763
windows,worker-message-latency,compiled,candidate,1,worker-message-roundtrip,4,18.0278589,0.0657,17.2299204,56,1,1009.5601
windows,worker-message-latency,compiled,candidate,2,worker-message-roundtrip,1,13.3402053,0.0857,11.251004,76,1,1013.8556
windows,worker-message-latency,compiled,candidate,2,worker-message-roundtrip,2,4.8944785,0.0287,9.2820815,205,1,1003.3681
windows,worker-message-latency,compiled,candidate,2,worker-message-roundtrip,4,11.0180096,0.1754,8.7901102,94,1,1035.6929
windows,worker-message-latency,compiled,candidate,3,worker-message-roundtrip,1,13.5455227,0.0763,9.2843239,75,1,1015.9142
windows,worker-message-latency,compiled,candidate,3,worker-message-roundtrip,2,5.3551,0.0615,7.0698986,188,1,1006.7588
windows,worker-message-latency,compiled,candidate,3,worker-message-roundtrip,4,10.9602022,0.0884,9.3193683,92,1,1008.3386
windows,worker-message-latency,compiled,candidate,4,worker-message-roundtrip,1,11.9093465,0.0895,9.1747896,86,1,1024.2038
windows,worker-message-latency,compiled,candidate,4,worker-message-roundtrip,2,4.157277,0.059,6.8526701,243,1,1010.2183
windows,worker-message-latency,compiled,candidate,4,worker-message-roundtrip,4,14.2653183,0.0765,11.3436624,71,1,1012.8376
windows,worker-message-latency,compiled,candidate,5,worker-message-roundtrip,1,6.7633128,0.0972,11.5261912,148,1,1000.9703
windows,worker-message-latency,compiled,candidate,5,worker-message-roundtrip,2,3.136625,0.0319,4.5676371,320,1,1003.72
windows,worker-message-latency,compiled,candidate,5,worker-message-roundtrip,4,3.5974353,0.0766,5.623786,278,1,1000.087
windows,worker-message-latency,interpreter,baseline,1,worker-message-roundtrip,1,21.9851543,13.4246,9.3785682,46,1,1011.3171
windows,worker-message-latency,interpreter,baseline,1,worker-message-roundtrip,2,26.8355816,11.4668,12.3305452,38,1,1019.7521
windows,worker-message-latency,interpreter,baseline,1,worker-message-roundtrip,4,31.4461062,12.9868,17.2928442,32,1,1006.2754
windows,worker-message-latency,interpreter,baseline,2,worker-message-roundtrip,1,24.4740268,4.1066,9.2496942,41,1,1003.4351
windows,worker-message-latency,interpreter,baseline,2,worker-message-roundtrip,2,20.9291292,11.2787,8.2039852,48,1,1004.5982
windows,worker-message-latency,interpreter,baseline,2,worker-message-roundtrip,4,26.4000579,13.6675,8.6690774,38,1,1003.2022
windows,worker-message-latency,interpreter,baseline,3,worker-message-roundtrip,1,22.9338318,12.1818,8.4174904,44,1,1009.0886
windows,worker-message-latency,interpreter,baseline,3,worker-message-roundtrip,2,20.155394,6.7929,6.8340628,50,1,1007.7697
windows,worker-message-latency,interpreter,baseline,3,worker-message-roundtrip,4,23.1615682,3.3493,9.9475524,44,1,1019.109
windows,worker-message-latency,interpreter,baseline,4,worker-message-roundtrip,1,23.4416116,6.9534,8.863826,43,1,1007.9893
windows,worker-message-latency,interpreter,baseline,4,worker-message-roundtrip,2,27.3057459,7.9172,13.828608,37,1,1010.3126
windows,worker-message-latency,interpreter,baseline,4,worker-message-roundtrip,4,33.6204433,12.5313,23.3114342,30,1,1008.6133
windows,worker-message-latency,interpreter,baseline,5,worker-message-roundtrip,1,27.0054684,8.6062,17.3993669,38,1,1026.2078
windows,worker-message-latency,interpreter,baseline,5,worker-message-roundtrip,2,23.8686262,10.4144,8.9266693,42,1,1002.4823
windows,worker-message-latency,interpreter,baseline,5,worker-message-roundtrip,4,22.3123267,8.8178,13.6918413,45,1,1004.0547
windows,worker-message-latency,interpreter,candidate,1,worker-message-roundtrip,1,21.3398333,0.3268,12.8209913,48,1,1024.312
windows,worker-message-latency,interpreter,candidate,1,worker-message-roundtrip,2,19.9736098,0.476,17.0507811,51,1,1018.6541
windows,worker-message-latency,interpreter,candidate,1,worker-message-roundtrip,4,21.0717653,0.3793,17.5028974,49,1,1032.5165
windows,worker-message-latency,interpreter,candidate,2,worker-message-roundtrip,1,17.9393821,7.6759,6.3306121,56,1,1004.6054
windows,worker-message-latency,interpreter,candidate,2,worker-message-roundtrip,2,25.7628128,0.4886,34.1549111,39,1,1004.7497
windows,worker-message-latency,interpreter,candidate,2,worker-message-roundtrip,4,32.7816844,0.473,23.1577129,32,1,1049.0139
windows,worker-message-latency,interpreter,candidate,3,worker-message-roundtrip,1,27.2470432,0.3597,22.1864823,37,1,1008.1406
windows,worker-message-latency,interpreter,candidate,3,worker-message-roundtrip,2,24.8994878,0.4677,17.3481548,41,1,1020.879
windows,worker-message-latency,interpreter,candidate,3,worker-message-roundtrip,4,18.9505887,0.2631,19.1396495,53,1,1004.3812
windows,worker-message-latency,interpreter,candidate,4,worker-message-roundtrip,1,21.8518565,0.4275,11.2827329,46,1,1005.1854
windows,worker-message-latency,interpreter,candidate,4,worker-message-roundtrip,2,25.9856564,0.4921,27.8450432,39,1,1013.4406
windows,worker-message-latency,interpreter,candidate,4,worker-message-roundtrip,4,21.494975,0.407,14.428539,48,1,1031.7588
windows,worker-message-latency,interpreter,candidate,5,worker-message-roundtrip,1,37.9072852,0.3652,21.1074605,27,1,1023.4967
windows,worker-message-latency,interpreter,candidate,5,worker-message-roundtrip,2,18.7479815,0.5068,9.7754417,54,1,1012.391
windows,worker-message-latency,interpreter,candidate,5,worker-message-roundtrip,4,17.851314,0.4878,12.7337974,57,1,1017.5249
windows,worker-message-latency,node,control,1,worker-message-roundtrip,1,13.9926361,0.3183,5.3443077,72,1,1007.4698
windows,worker-message-latency,node,control,1,worker-message-roundtrip,2,12.2890321,3.8824,5.3464466,84,1,1032.2787
windows,worker-message-latency,node,control,1,worker-message-roundtrip,4,17.5907368,9.3044,13.1550654,57,1,1002.672
windows,worker-message-latency,node,control,2,worker-message-roundtrip,1,31.1016545,18.7682,10.8710301,33,1,1026.3546
windows,worker-message-latency,node,control,2,worker-message-roundtrip,2,15.6734672,9.429,4.0897261,64,1,1003.1019
windows,worker-message-latency,node,control,2,worker-message-roundtrip,4,11.9270167,3.3529,3.4104462,84,1,1001.8694
windows,worker-message-latency,node,control,3,worker-message-roundtrip,1,15.9415524,0.1157,15.7324051,63,1,1004.3178
windows,worker-message-latency,node,control,3,worker-message-roundtrip,2,14.7205412,1.2469,6.0241334,68,1,1000.9968
windows,worker-message-latency,node,control,3,worker-message-roundtrip,4,34.6386933,5.344,38.1752277,30,1,1039.1608
windows,worker-message-latency,node,control,4,worker-message-roundtrip,1,48.0262238,24.6319,21.6088364,21,1,1008.5507
windows,worker-message-latency,node,control,4,worker-message-roundtrip,2,11.1295989,1.654,3.9499858,90,1,1001.6639
windows,worker-message-latency,node,control,4,worker-message-roundtrip,4,7.1964295,1.95,4.0461986,139,1,1000.3037
windows,worker-message-latency,node,control,5,worker-message-roundtrip,1,14.9818239,5.5679,6.9724578,67,1,1003.7822
windows,worker-message-latency,node,control,5,worker-message-roundtrip,2,20.078666,6.9279,9.8580035,50,1,1003.9333
windows,worker-message-latency,node,control,5,worker-message-roundtrip,4,19.7831294,8.6476,11.7843727,51,1,1008.9396
windows-final,array-methods--10000,compiled,baseline,1,array-methods,10000,0.072007,0.066025,0.017346,261,16,300.7013
windows-final,array-methods--10000,compiled,baseline,2,array-methods,10000,0.0675761,0.0396813,0.0077699,278,16,300.5786
windows-final,array-methods--10000,compiled,baseline,3,array-methods,10000,0.070062,0.062425,0.0099659,268,16,300.4258
windows-final,array-methods--10000,compiled,baseline,4,array-methods,10000,0.0692291,0.0624312,0.005216,271,16,300.1775
windows-final,array-methods--10000,compiled,baseline,5,array-methods,10000,0.07167,0.0629,0.0126819,262,16,300.4406
windows-final,array-methods--10000,compiled,candidate,1,array-methods,10000,0.0686898,0.062525,0.0065178,137,32,301.136
windows-final,array-methods--10000,compiled,candidate,2,array-methods,10000,0.0670179,0.062425,0.0046497,280,16,300.2404
windows-final,array-methods--10000,compiled,candidate,3,array-methods,10000,0.0717218,0.0624563,0.0442055,262,16,300.6577
windows-final,array-methods--10000,compiled,candidate,4,array-methods,10000,0.0697924,0.0624313,0.0091707,269,16,300.3866
windows-final,array-methods--10000,compiled,candidate,5,array-methods,10000,0.0663876,0.062525,0.0040009,142,32,301.6653
windows-final,language-hot-paths-stable-numeric-rest-10000,compiled,baseline,1,stable-numeric-rest,10000,0.0093576,0.0084875,0.0018744,251,128,300.6414
windows-final,language-hot-paths-stable-numeric-rest-10000,compiled,baseline,2,stable-numeric-rest,10000,0.0094002,0.0084977,0.0009672,250,128,300.8063
windows-final,language-hot-paths-stable-numeric-rest-10000,compiled,baseline,3,stable-numeric-rest,10000,0.0095791,0.0085164,0.0020065,245,128,300.4019
windows-final,language-hot-paths-stable-numeric-rest-10000,compiled,baseline,4,stable-numeric-rest,10000,0.0097694,0.0084844,0.0053792,240,128,300.1155
windows-final,language-hot-paths-stable-numeric-rest-10000,compiled,baseline,5,stable-numeric-rest,10000,0.0093583,0.0085164,0.0004822,251,128,300.6631
windows-final,language-hot-paths-stable-numeric-rest-10000,compiled,candidate,1,stable-numeric-rest,10000,0.009559,0.0085078,0.0015219,246,128,300.9923
windows-final,language-hot-paths-stable-numeric-rest-10000,compiled,candidate,2,stable-numeric-rest,10000,0.0094347,0.0085289,0.0014397,249,128,300.7021
windows-final,language-hot-paths-stable-numeric-rest-10000,compiled,candidate,3,stable-numeric-rest,10000,0.0092549,0.0085055,0.0011503,254,128,300.8956
windows-final,language-hot-paths-stable-numeric-rest-10000,compiled,candidate,4,stable-numeric-rest,10000,0.0093948,0.0084922,0.0015374,250,128,300.6342
windows-final,language-hot-paths-stable-numeric-rest-10000,compiled,candidate,5,stable-numeric-rest,10000,0.0094893,0.0084477,0.0011365,247,128,300.0129
windows-final,objects--10000,compiled,baseline,1,objects,10000,0.0168727,0.0163953,0.0016389,278,64,300.1991
windows-final,objects--10000,compiled,baseline,2,objects,10000,0.0172609,0.01635,0.0034135,544,32,300.4782
windows-final,objects--10000,compiled,baseline,3,objects,10000,0.0166219,0.0163891,0.0010484,283,64,301.0553
windows-final,objects--10000,compiled,baseline,4,objects,10000,0.0166158,0.0163875,0.0004209,283,64,300.9445
windows-final,objects--10000,compiled,baseline,5,objects,10000,0.0166115,0.0163813,0.0003722,283,64,300.868
windows-final,objects--10000,compiled,candidate,1,objects,10000,0.0167324,0.0163922,0.0010336,281,64,300.916
windows-final,objects--10000,compiled,candidate,2,objects,10000,0.0169226,0.0163797,0.0024928,277,64,300.0044
windows-final,objects--10000,compiled,candidate,3,objects,10000,0.0165901,0.0163937,0.0003113,283,64,300.4803
windows-final,objects--10000,compiled,candidate,4,objects,10000,0.0167191,0.0163937,0.001023,281,64,300.6754
windows-final,objects--10000,compiled,candidate,5,objects,10000,0.0170545,0.0163922,0.0064396,275,64,300.1594
windows-final,worker-allocation-boundaries-allocation-partitions-serial-1-8192,compiled,baseline,1,allocation-partitions-serial-1,8192,2.6937634,1.958,1.1653595,112,1,301.7015
windows-final,worker-allocation-boundaries-allocation-partitions-serial-1-8192,compiled,baseline,2,allocation-partitions-serial-1,8192,3.019054,2.0093,1.258113,100,1,301.9054
windows-final,worker-allocation-boundaries-allocation-partitions-serial-1-8192,compiled,baseline,3,allocation-partitions-serial-1,8192,2.5669624,1.692,1.2613818,117,1,300.3346
windows-final,worker-allocation-boundaries-allocation-partitions-serial-1-8192,compiled,baseline,4,allocation-partitions-serial-1,8192,2.9020971,1.9316,1.285034,104,1,301.8181
windows-final,worker-allocation-boundaries-allocation-partitions-serial-1-8192,compiled,baseline,5,allocation-partitions-serial-1,8192,2.7328091,1.7805,1.4793858,110,1,300.609
windows-final,worker-allocation-boundaries-allocation-partitions-serial-1-8192,compiled,candidate,1,allocation-partitions-serial-1,8192,0.9121109,0.5366,0.5820831,165,2,300.9966
windows-final,worker-allocation-boundaries-allocation-partitions-serial-1-8192,compiled,candidate,2,allocation-partitions-serial-1,8192,0.9292404,0.6148,0.573372,162,2,301.0739
windows-final,worker-allocation-boundaries-allocation-partitions-serial-1-8192,compiled,candidate,3,allocation-partitions-serial-1,8192,0.8168861,0.5383,0.703866,368,1,300.6141
windows-final,worker-allocation-boundaries-allocation-partitions-serial-1-8192,compiled,candidate,4,allocation-partitions-serial-1,8192,0.9458283,0.5828,0.6289943,159,2,300.7734
windows-final,worker-allocation-boundaries-allocation-partitions-serial-1-8192,compiled,candidate,5,allocation-partitions-serial-1,8192,0.8256264,0.5221,0.7658953,364,1,300.528
windows-final,worker-allocation-boundaries-allocation-partitions-serial-1-8193,compiled,baseline,1,allocation-partitions-serial-1,8193,4.7144359,2.0227,3.9359739,64,1,301.7239
windows-final,worker-allocation-boundaries-allocation-partitions-serial-1-8193,compiled,baseline,2,allocation-partitions-serial-1,8193,12.018148,1.9107,8.8739863,25,1,300.4537
windows-final,worker-allocation-boundaries-allocation-partitions-serial-1-8193,compiled,baseline,3,allocation-partitions-serial-1,8193,7.0749674,1.9329,6.3629493,43,1,304.2236
windows-final,worker-allocation-boundaries-allocation-partitions-serial-1-8193,compiled,baseline,4,allocation-partitions-serial-1,8193,10.84735,3.7832,10.3114937,28,1,303.7258
windows-final,worker-allocation-boundaries-allocation-partitions-serial-1-8193,compiled,baseline,5,allocation-partitions-serial-1,8193,9.1602182,3.6118,9.2855823,33,1,302.2872
windows-final,worker-allocation-boundaries-allocation-partitions-serial-1-8193,compiled,candidate,1,allocation-partitions-serial-1,8193,1.4200175,0.57165,1.2632691,106,2,301.0437
windows-final,worker-allocation-boundaries-allocation-partitions-serial-1-8193,compiled,candidate,2,allocation-partitions-serial-1,8193,1.2066123,0.54345,1.0278249,126,2,304.0663
windows-final,worker-allocation-boundaries-allocation-partitions-serial-1-8193,compiled,candidate,3,allocation-partitions-serial-1,8193,2.1270406,1.0252,2.463605,143,1,304.1668
windows-final,worker-allocation-boundaries-allocation-partitions-serial-1-8193,compiled,candidate,4,allocation-partitions-serial-1,8193,2.1511594,0.9872,2.6621824,143,1,307.6158
windows-final,worker-allocation-boundaries-allocation-partitions-serial-1-8193,compiled,candidate,5,allocation-partitions-serial-1,8193,2.4323437,1.0408,3.0431046,126,1,306.4753
windows-final,worker-allocation-boundaries-allocation-partitions-serial-4-8192,compiled,baseline,1,allocation-partitions-serial-4,8192,20.130725,15.1045,2.8901735,16,1,322.0916
windows-final,worker-allocation-boundaries-allocation-partitions-serial-4-8192,compiled,baseline,2,allocation-partitions-serial-4,8192,19.7062,15.9944,2.8196176,16,1,315.2992
windows-final,worker-allocation-boundaries-allocation-partitions-serial-4-8192,compiled,baseline,3,allocation-partitions-serial-4,8192,19.5790063,15.2594,3.6197821,16,1,313.2641
windows-final,worker-allocation-boundaries-allocation-partitions-serial-4-8192,compiled,baseline,4,allocation-partitions-serial-4,8192,19.4820437,15.0096,3.5279676,16,1,311.7127
windows-final,worker-allocation-boundaries-allocation-partitions-serial-4-8192,compiled,baseline,5,allocation-partitions-serial-4,8192,19.7100625,16.0962,4.1166943,16,1,315.361
windows-final,worker-allocation-boundaries-allocation-partitions-serial-4-8192,compiled,candidate,1,allocation-partitions-serial-4,8192,5.2408328,4.0216,1.6352921,58,1,303.9683
windows-final,worker-allocation-boundaries-allocation-partitions-serial-4-8192,compiled,candidate,2,allocation-partitions-serial-4,8192,5.3820456,3.7921,1.7300041,57,1,306.7766
windows-final,worker-allocation-boundaries-allocation-partitions-serial-4-8192,compiled,candidate,3,allocation-partitions-serial-4,8192,4.8180635,3.7297,1.5635268,63,1,303.538
windows-final,worker-allocation-boundaries-allocation-partitions-serial-4-8192,compiled,candidate,4,allocation-partitions-serial-4,8192,4.955823,3.6073,1.7040217,61,1,302.3052
windows-final,worker-allocation-boundaries-allocation-partitions-serial-4-8192,compiled,candidate,5,allocation-partitions-serial-4,8192,4.8038476,3.71,1.4541916,63,1,302.6424
windows-final,worker-allocation-boundaries-allocation-partitions-serial-4-8193,compiled,baseline,1,allocation-partitions-serial-4,8193,29.0441818,20.9224,5.4710317,11,1,319.486
windows-final,worker-allocation-boundaries-allocation-partitions-serial-4-8193,compiled,baseline,2,allocation-partitions-serial-4,8193,30.56889,21.7544,6.1468875,10,1,305.6889
windows-final,worker-allocation-boundaries-allocation-partitions-serial-4-8193,compiled,baseline,3,allocation-partitions-serial-4,8193,29.3477091,21.5612,6.2448557,11,1,322.8248
windows-final,worker-allocation-boundaries-allocation-partitions-serial-4-8193,compiled,baseline,4,allocation-partitions-serial-4,8193,28.4573545,21.9126,5.3399663,11,1,313.0309
windows-final,worker-allocation-boundaries-allocation-partitions-serial-4-8193,compiled,baseline,5,allocation-partitions-serial-4,8193,28.4911273,20.017,6.7141932,11,1,313.4024
windows-final,worker-allocation-boundaries-allocation-partitions-serial-4-8193,compiled,candidate,1,allocation-partitions-serial-4,8193,8.3616611,4.1471,4.4500449,36,1,301.0198
windows-final,worker-allocation-boundaries-allocation-partitions-serial-4-8193,compiled,candidate,2,allocation-partitions-serial-4,8193,8.4375194,4.1231,4.255629,36,1,303.7507
windows-final,worker-allocation-boundaries-allocation-partitions-serial-4-8193,compiled,candidate,3,allocation-partitions-serial-4,8193,8.9893618,2.9754,5.3068485,34,1,305.6383
windows-final,worker-allocation-boundaries-allocation-partitions-serial-4-8193,compiled,candidate,4,allocation-partitions-serial-4,8193,8.5759486,3.9028,4.1436616,35,1,300.1582
windows-final,worker-allocation-boundaries-allocation-partitions-serial-4-8193,compiled,candidate,5,allocation-partitions-serial-4,8193,8.6574286,4.1418,4.1732821,35,1,303.01
windows-final,worker-allocation-scaling,compiled,baseline,1,worker-allocation-direct,20000,14.0903127,4.6536,7.9055197,71,1,1000.4122
windows-final,worker-allocation-scaling,compiled,baseline,1,worker-allocation-fixed-work,1,20.8204714,8.5592,10.2098005,49,1,1020.2031
windows-final,worker-allocation-scaling,compiled,baseline,1,worker-allocation-fixed-work,2,19.4655038,5.26,11.4460869,53,1,1031.6717
windows-final,worker-allocation-scaling,compiled,baseline,1,worker-allocation-fixed-work,4,6.3937369,2.7239,2.6229473,157,1,1003.8167
windows-final,worker-allocation-scaling,compiled,baseline,2,worker-allocation-direct,20000,13.7685781,4.5379,7.7962596,73,1,1005.1062
windows-final,worker-allocation-scaling,compiled,baseline,2,worker-allocation-fixed-work,1,21.8435826,9.4676,10.7670654,46,1,1004.8048
windows-final,worker-allocation-scaling,compiled,baseline,2,worker-allocation-fixed-work,2,18.8440727,4.993,10.7934672,55,1,1036.424
windows-final,worker-allocation-scaling,compiled,baseline,2,worker-allocation-fixed-work,4,6.8236871,2.9735,2.674202,147,1,1003.082
windows-final,worker-allocation-scaling,compiled,baseline,3,worker-allocation-direct,20000,14.497329,4.6431,8.4759023,69,1,1000.3157
windows-final,worker-allocation-scaling,compiled,baseline,3,worker-allocation-fixed-work,1,20.7279306,8.985,9.8377799,49,1,1015.6686
windows-final,worker-allocation-scaling,compiled,baseline,3,worker-allocation-fixed-work,2,18.8734698,5.0952,10.0544807,53,1,1000.2939
windows-final,worker-allocation-scaling,compiled,baseline,3,worker-allocation-fixed-work,4,5.9929677,2.8345,2.4092252,167,1,1000.8256
windows-final,worker-allocation-scaling,compiled,baseline,4,worker-allocation-direct,20000,15.2742803,4.5967,8.5391201,66,1,1008.1025
windows-final,worker-allocation-scaling,compiled,baseline,4,worker-allocation-fixed-work,1,21.2804511,9.694,10.8126957,47,1,1000.1812
windows-final,worker-allocation-scaling,compiled,baseline,4,worker-allocation-fixed-work,2,18.4503873,5.5312,10.6194763,55,1,1014.7713
windows-final,worker-allocation-scaling,compiled,baseline,4,worker-allocation-fixed-work,4,6.177013,3.0073,2.406345,162,1,1000.6761
windows-final,worker-allocation-scaling,compiled,baseline,5,worker-allocation-direct,20000,14.9426132,4.908,8.6976235,68,1,1016.0977
windows-final,worker-allocation-scaling,compiled,baseline,5,worker-allocation-fixed-work,1,20.8661708,9.5731,10.2161997,48,1,1001.5762
windows-final,worker-allocation-scaling,compiled,baseline,5,worker-allocation-fixed-work,2,19.2698154,4.9793,12.1282015,52,1,1002.0304
windows-final,worker-allocation-scaling,compiled,baseline,5,worker-allocation-fixed-work,4,6.0694273,2.8788,2.5872728,165,1,1001.4555
windows-final,worker-allocation-scaling,compiled,candidate,1,worker-allocation-direct,20000,3.9483663,1.4083,4.598694,255,1,1006.8334
windows-final,worker-allocation-scaling,compiled,candidate,1,worker-allocation-fixed-work,1,6.0355762,1.9692,6.685145,168,1,1013.9768
windows-final,worker-allocation-scaling,compiled,candidate,1,worker-allocation-fixed-work,2,5.4209108,1.0796,7.761638,186,1,1008.2894
windows-final,worker-allocation-scaling,compiled,candidate,1,worker-allocation-fixed-work,4,1.3986797,0.6161,0.7261069,358,2,1001.4547
windows-final,worker-allocation-scaling,compiled,candidate,2,worker-allocation-direct,20000,3.7519757,1.4206,4.3664109,272,1,1020.5374
windows-final,worker-allocation-scaling,compiled,candidate,2,worker-allocation-fixed-work,1,5.9225018,2.0252,6.5103947,169,1,1000.9028
windows-final,worker-allocation-scaling,compiled,candidate,2,worker-allocation-fixed-work,2,5.3742829,1.2078,6.7456666,187,1,1004.9909
windows-final,worker-allocation-scaling,compiled,candidate,2,worker-allocation-fixed-work,4,1.4055382,0.6234,0.779584,356,2,1000.7432
windows-final,worker-allocation-scaling,compiled,candidate,3,worker-allocation-direct,20000,3.9688639,1.3124,4.8070764,252,1,1000.1537
windows-final,worker-allocation-scaling,compiled,candidate,3,worker-allocation-fixed-work,1,6.1949451,1.9679,6.6636789,164,1,1015.971
windows-final,worker-allocation-scaling,compiled,candidate,3,worker-allocation-fixed-work,2,5.498061,1.161,6.9672874,182,1,1000.6471
windows-final,worker-allocation-scaling,compiled,candidate,3,worker-allocation-fixed-work,4,1.3968377,0.63045,0.7153592,358,2,1000.1358
windows-final,worker-allocation-scaling,compiled,candidate,4,worker-allocation-direct,20000,4.043181,1.3234,4.8962638,248,1,1002.7089
windows-final,worker-allocation-scaling,compiled,candidate,4,worker-allocation-fixed-work,1,6.4335159,2.0361,7.3494475,157,1,1010.062
windows-final,worker-allocation-scaling,compiled,candidate,4,worker-allocation-fixed-work,2,5.4107551,1.232,7.0003166,185,1,1000.9897
windows-final,worker-allocation-scaling,compiled,candidate,4,worker-allocation-fixed-work,4,1.708444,0.68035,1.0458742,293,2,1001.1482
windows-final,worker-allocation-scaling,compiled,candidate,5,worker-allocation-direct,20000,3.8273405,1.345,4.3712138,262,1,1002.7632
windows-final,worker-allocation-scaling,compiled,candidate,5,worker-allocation-fixed-work,1,7.1331761,2.0302,8.0728207,142,1,1012.911
windows-final,worker-allocation-scaling,compiled,candidate,5,worker-allocation-fixed-work,2,5.5676077,1.1303,7.7910332,182,1,1013.3046
windows-final,worker-allocation-scaling,compiled,candidate,5,worker-allocation-fixed-work,4,1.386515,0.6189,1.1931001,722,1,1001.0638
windows-final,worker-lifecycle--1,compiled,baseline,1,worker-lifecycle,1,55.8095375,51.8593,2.4131824,8,1,446.4763
windows-final,worker-lifecycle--1,compiled,baseline,2,worker-lifecycle,1,59.44795,55.2395,3.1636961,8,1,475.5836
windows-final,worker-lifecycle--1,compiled,baseline,3,worker-lifecycle,1,58.7124625,53.971,7.7916165,8,1,469.6997
windows-final,worker-lifecycle--1,compiled,baseline,4,worker-lifecycle,1,57.0773625,54.2771,2.1031254,8,1,456.6189
windows-final,worker-lifecycle--1,compiled,baseline,5,worker-lifecycle,1,54.8441875,52.4213,2.8390896,8,1,438.7535
windows-final,worker-lifecycle--1,compiled,candidate,1,worker-lifecycle,1,61.0618625,56.3696,5.3820905,8,1,488.4949
windows-final,worker-lifecycle--1,compiled,candidate,2,worker-lifecycle,1,55.1109625,51.9978,3.8579081,8,1,440.8877
windows-final,worker-lifecycle--1,compiled,candidate,3,worker-lifecycle,1,59.8164375,52.3368,5.4944723,8,1,478.5315
windows-final,worker-lifecycle--1,compiled,candidate,4,worker-lifecycle,1,56.9711125,53.0678,2.6639006,8,1,455.7689
windows-final,worker-lifecycle--1,compiled,candidate,5,worker-lifecycle,1,58.173,53.8082,4.5542482,8,1,465.384
windows-final,worker-lifecycle--1,interpreter,baseline,1,worker-lifecycle,1,28.4670364,15.7723,6.4550926,11,1,313.1374
windows-final,worker-lifecycle--1,interpreter,baseline,2,worker-lifecycle,1,27.318,15.7108,6.9608485,12,1,327.816
windows-final,worker-lifecycle--1,interpreter,baseline,3,worker-lifecycle,1,31.21055,28.6982,1.4241193,10,1,312.1055
windows-final,worker-lifecycle--1,interpreter,baseline,4,worker-lifecycle,1,25.8233167,13.6707,8.0702079,12,1,309.8798
windows-final,worker-lifecycle--1,interpreter,baseline,5,worker-lifecycle,1,31.4263,29.7377,0.8238972,10,1,314.263
windows-final,worker-lifecycle--1,interpreter,candidate,1,worker-lifecycle,1,28.5664636,15.6222,6.3995075,11,1,314.2311
windows-final,worker-lifecycle--1,interpreter,candidate,2,worker-lifecycle,1,27.4660667,15.7237,7.0773689,12,1,329.5928
windows-final,worker-lifecycle--1,interpreter,candidate,3,worker-lifecycle,1,27.4464917,15.7641,6.8941198,12,1,329.3579
windows-final,worker-lifecycle--1,interpreter,candidate,4,worker-lifecycle,1,31.11416,29.0153,1.0104634,10,1,311.1416
windows-final,worker-lifecycle--1,interpreter,candidate,5,worker-lifecycle,1,29.7614636,15.5649,4.8224695,11,1,327.3761
windows-final,worker-message-throughput-worker-message-burst-100,compiled,baseline,1,worker-message-burst,100,0.6475605,0.44015,0.4112333,233,2,301.7632
windows-final,worker-message-throughput-worker-message-burst-100,compiled,baseline,2,worker-message-burst,100,0.5475077,0.34045,0.2523496,274,2,300.0342
windows-final,worker-message-throughput-worker-message-burst-100,compiled,baseline,3,worker-message-burst,100,0.6363595,0.33965,0.4537016,236,2,300.3617
windows-final,worker-message-throughput-worker-message-burst-100,compiled,baseline,4,worker-message-burst,100,0.6657421,0.3452,0.5513794,451,1,300.2497
windows-final,worker-message-throughput-worker-message-burst-100,compiled,baseline,5,worker-message-burst,100,0.5468267,0.3795,0.2352349,275,2,300.7547
windows-final,worker-message-throughput-worker-message-burst-100,compiled,candidate,1,worker-message-burst,100,0.7519193,0.4293,0.659002,399,1,300.0158
windows-final,worker-message-throughput-worker-message-burst-100,compiled,candidate,2,worker-message-burst,100,0.5377355,0.35515,0.2294761,280,2,301.1319
windows-final,worker-message-throughput-worker-message-burst-100,compiled,candidate,3,worker-message-burst,100,0.5145678,0.33645,0.1318734,292,2,300.5076
windows-final,worker-message-throughput-worker-message-burst-100,compiled,candidate,4,worker-message-burst,100,0.5686924,0.4363,0.1802802,264,2,300.2696
windows-final,worker-message-throughput-worker-message-burst-100,compiled,candidate,5,worker-message-burst,100,0.9093627,0.46265,0.7220191,165,2,300.0897
windows-final,worker-message-throughput-worker-message-burst-100,interpreter,baseline,1,worker-message-burst,100,26.421425,15.7524,7.2516519,12,1,317.0571
windows-final,worker-message-throughput-worker-message-burst-100,interpreter,baseline,2,worker-message-burst,100,28.7291273,13.6473,5.9828376,11,1,316.0204
windows-final,worker-message-throughput-worker-message-burst-100,interpreter,baseline,3,worker-message-burst,100,25.4008833,12.9147,8.6426711,12,1,304.8106
windows-final,worker-message-throughput-worker-message-burst-100,interpreter,baseline,4,worker-message-burst,100,24.6534154,13.0441,8.0856923,13,1,320.4944
windows-final,worker-message-throughput-worker-message-burst-100,interpreter,baseline,5,worker-message-burst,100,29.0727182,12.8037,6.2047574,11,1,319.7999
windows-final,worker-message-throughput-worker-message-burst-100,interpreter,candidate,1,worker-message-burst,100,13.1140043,1.4855,5.5188289,23,1,301.6221
windows-final,worker-message-throughput-worker-message-burst-100,interpreter,candidate,2,worker-message-burst,100,12.0134654,1.771,5.4622112,26,1,312.3501
windows-final,worker-message-throughput-worker-message-burst-100,interpreter,candidate,3,worker-message-burst,100,14.0516773,1.7979,4.4201246,22,1,309.1369
windows-final,worker-message-throughput-worker-message-burst-100,interpreter,candidate,4,worker-message-burst,100,8.8407735,1.8771,6.1082971,34,1,300.5863
windows-final,worker-message-throughput-worker-message-burst-100,interpreter,candidate,5,worker-message-burst,100,12.0052769,2.813,5.5035165,26,1,312.1372
linux,worker-allocation-scaling,compiled,baseline,1,worker-allocation-direct,20000,23.4148059,6.270351,18.197181,43,1,1006.836655
linux,worker-allocation-scaling,compiled,baseline,1,worker-allocation-fixed-work,1,21.7986073,10.146814,8.7436449,46,1,1002.735935
linux,worker-allocation-scaling,compiled,baseline,1,worker-allocation-fixed-work,2,16.3607958,5.501802,8.3345409,62,1,1014.369341
linux,worker-allocation-scaling,compiled,baseline,1,worker-allocation-fixed-work,4,6.1300054,3.132972,2.4084042,164,1,1005.320886
linux,worker-allocation-scaling,compiled,baseline,2,worker-allocation-direct,20000,15.8995351,6.077726,8.3399038,63,1,1001.670709
linux,worker-allocation-scaling,compiled,baseline,2,worker-allocation-fixed-work,1,25.0966038,10.523528,11.9942291,40,1,1003.86415
linux,worker-allocation-scaling,compiled,baseline,2,worker-allocation-fixed-work,2,17.6625148,5.456128,9.2237332,57,1,1006.763344
linux,worker-allocation-scaling,compiled,baseline,2,worker-allocation-fixed-work,4,6.4875429,2.997436,2.580449,155,1,1005.569146
linux,worker-allocation-scaling,compiled,baseline,3,worker-allocation-direct,20000,15.9077398,5.432377,8.0787628,64,1,1018.095344
linux,worker-allocation-scaling,compiled,baseline,3,worker-allocation-fixed-work,1,21.8173096,10.193878,9.4606103,46,1,1003.596242
linux,worker-allocation-scaling,compiled,baseline,3,worker-allocation-fixed-work,2,17.5794604,5.777177,9.1040008,57,1,1002.029244
linux,worker-allocation-scaling,compiled,baseline,3,worker-allocation-fixed-work,4,7.3278675,3.336877,2.8584151,137,1,1003.917844
linux,worker-allocation-scaling,compiled,baseline,4,worker-allocation-direct,20000,32.92916,6.120716,24.2170394,31,1,1020.803959
linux,worker-allocation-scaling,compiled,baseline,4,worker-allocation-fixed-work,1,151.9463138,31.253899,91.7149294,8,1,1215.57051
linux,worker-allocation-scaling,compiled,baseline,4,worker-allocation-fixed-work,2,20.9976603,5.735392,12.4782724,48,1,1007.887692
linux,worker-allocation-scaling,compiled,baseline,4,worker-allocation-fixed-work,4,8.9752784,3.226379,3.6522583,112,1,1005.231185
linux,worker-allocation-scaling,compiled,baseline,5,worker-allocation-direct,20000,15.1961449,5.065957,8.1636893,66,1,1002.945561
linux,worker-allocation-scaling,compiled,baseline,5,worker-allocation-fixed-work,1,19.3714567,10.025177,7.5374292,52,1,1007.315746
linux,worker-allocation-scaling,compiled,baseline,5,worker-allocation-fixed-work,2,20.4453016,5.814882,11.1818456,49,1,1001.819777
linux,worker-allocation-scaling,compiled,baseline,5,worker-allocation-fixed-work,4,7.726715,3.420999,3.2616569,130,1,1004.472947
linux,worker-allocation-scaling,compiled,candidate,1,worker-allocation-direct,20000,4.6082245,1.576274,4.3511576,218,1,1004.592943
linux,worker-allocation-scaling,compiled,candidate,1,worker-allocation-fixed-work,1,6.1843784,2.523048,5.5288012,164,1,1014.238056
linux,worker-allocation-scaling,compiled,candidate,1,worker-allocation-fixed-work,2,4.6920161,1.435991,5.2392452,218,1,1022.859509
linux,worker-allocation-scaling,compiled,candidate,1,worker-allocation-fixed-work,4,1.6194073,0.8131435,0.759359,309,2,1000.793719
linux,worker-allocation-scaling,compiled,candidate,2,worker-allocation-direct,20000,5.0506987,1.81879,5.0458023,198,1,1000.038338
linux,worker-allocation-scaling,compiled,candidate,2,worker-allocation-fixed-work,1,7.4226461,2.69742,6.3135619,137,1,1016.90252
linux,worker-allocation-scaling,compiled,candidate,2,worker-allocation-fixed-work,2,5.1697076,1.387353,5.8325983,194,1,1002.923272
linux,worker-allocation-scaling,compiled,candidate,2,worker-allocation-fixed-work,4,1.9798974,0.794093,0.8479891,253,2,1001.828079
linux,worker-allocation-scaling,compiled,candidate,3,worker-allocation-direct,20000,3.944026,1.703041,3.2738231,255,1,1005.726632
linux,worker-allocation-scaling,compiled,candidate,3,worker-allocation-fixed-work,1,6.7398364,2.530617,5.3984331,150,1,1010.975457
linux,worker-allocation-scaling,compiled,candidate,3,worker-allocation-fixed-work,2,5.0978123,1.375828,6.0007466,198,1,1009.366844
linux,worker-allocation-scaling,compiled,candidate,3,worker-allocation-fixed-work,4,1.636336,0.7924205,0.9138451,306,2,1001.437621
linux,worker-allocation-scaling,compiled,candidate,4,worker-allocation-direct,20000,3.989891,1.4754,3.7475047,251,1,1001.462644
linux,worker-allocation-scaling,compiled,candidate,4,worker-allocation-fixed-work,1,6.2240437,2.767745,5.0850308,163,1,1014.519127
linux,worker-allocation-scaling,compiled,candidate,4,worker-allocation-fixed-work,2,5.1602874,1.536326,5.981053,194,1,1001.095752
linux,worker-allocation-scaling,compiled,candidate,4,worker-allocation-fixed-work,4,1.9571753,0.785719,1.412693,511,1,1000.116569
linux,worker-allocation-scaling,compiled,candidate,5,worker-allocation-direct,20000,8.5246381,2.178102,8.8164879,118,1,1005.907296
linux,worker-allocation-scaling,compiled,candidate,5,worker-allocation-fixed-work,1,7.5850306,2.714381,6.8027053,135,1,1023.979136
linux,worker-allocation-scaling,compiled,candidate,5,worker-allocation-fixed-work,2,6.8730184,1.596669,7.4168282,146,1,1003.460682
linux,worker-allocation-scaling,compiled,candidate,5,worker-allocation-fixed-work,4,2.1662193,0.777647,1.6887425,462,1,1000.793303
linux,worker-allocation-scaling,interpreter,baseline,1,worker-allocation-direct,20000,97.1609176,83.64481,15.1607778,11,1,1068.770094
linux,worker-allocation-scaling,interpreter,baseline,1,worker-allocation-fixed-work,1,98.1751622,80.713468,12.196552,11,1,1079.926784
linux,worker-allocation-scaling,interpreter,baseline,1,worker-allocation-fixed-work,2,76.9176788,62.892586,14.4823729,14,1,1076.847503
linux,worker-allocation-scaling,interpreter,baseline,1,worker-allocation-fixed-work,4,153.2156164,90.525574,54.6748849,8,1,1225.724931
linux,worker-allocation-scaling,interpreter,baseline,2,worker-allocation-direct,20000,87.667054,76.893071,8.8442163,12,1,1052.004648
linux,worker-allocation-scaling,interpreter,baseline,2,worker-allocation-fixed-work,1,94.6416519,76.584002,11.7119193,11,1,1041.058171
linux,worker-allocation-scaling,interpreter,baseline,2,worker-allocation-fixed-work,2,73.8611884,64.332579,12.3825589,14,1,1034.056637
linux,worker-allocation-scaling,interpreter,baseline,2,worker-allocation-fixed-work,4,64.1569509,50.987903,8.8867791,16,1,1026.511215
linux,worker-allocation-scaling,interpreter,baseline,3,worker-allocation-direct,20000,74.941022,60.945652,7.181727,14,1,1049.174308
linux,worker-allocation-scaling,interpreter,baseline,3,worker-allocation-fixed-work,1,83.6203492,64.593372,13.2559347,12,1,1003.444191
linux,worker-allocation-scaling,interpreter,baseline,3,worker-allocation-fixed-work,2,67.0097623,53.474872,12.2462822,15,1,1005.146435
linux,worker-allocation-scaling,interpreter,baseline,3,worker-allocation-fixed-work,4,53.9126843,41.70367,7.5966343,19,1,1024.341002
linux,worker-allocation-scaling,interpreter,baseline,4,worker-allocation-direct,20000,103.0831549,75.927363,19.3742785,10,1,1030.831549
linux,worker-allocation-scaling,interpreter,baseline,4,worker-allocation-fixed-work,1,108.2330725,79.990653,16.0666904,10,1,1082.330725
linux,worker-allocation-scaling,interpreter,baseline,4,worker-allocation-fixed-work,2,106.8687573,60.385117,42.8672873,10,1,1068.687573
linux,worker-allocation-scaling,interpreter,baseline,4,worker-allocation-fixed-work,4,59.4890753,48.049577,6.6717314,17,1,1011.31428
linux,worker-allocation-scaling,interpreter,baseline,5,worker-allocation-direct,20000,93.6962078,73.959404,16.5516013,11,1,1030.658286
linux,worker-allocation-scaling,interpreter,baseline,5,worker-allocation-fixed-work,1,93.0289787,73.941931,13.8246494,11,1,1023.318766
linux,worker-allocation-scaling,interpreter,baseline,5,worker-allocation-fixed-work,2,82.8826205,70.159111,11.8231016,13,1,1077.474067
linux,worker-allocation-scaling,interpreter,baseline,5,worker-allocation-fixed-work,4,64.1665992,53.695159,7.5880964,16,1,1026.665587
linux,worker-allocation-scaling,interpreter,candidate,1,worker-allocation-direct,20000,93.7013481,81.267876,8.7826387,11,1,1030.714829
linux,worker-allocation-scaling,interpreter,candidate,1,worker-allocation-fixed-work,1,109.0126454,76.240169,47.0808635,10,1,1090.126454
linux,worker-allocation-scaling,interpreter,candidate,1,worker-allocation-fixed-work,2,78.4233248,60.111043,15.3495936,13,1,1019.503223
linux,worker-allocation-scaling,interpreter,candidate,1,worker-allocation-fixed-work,4,69.9391677,40.790836,42.6556267,15,1,1049.087515
linux,worker-allocation-scaling,interpreter,candidate,2,worker-allocation-direct,20000,91.2059985,66.468211,14.7472379,12,1,1094.471982
linux,worker-allocation-scaling,interpreter,candidate,2,worker-allocation-fixed-work,1,85.7944751,67.162179,13.1428856,12,1,1029.533701
linux,worker-allocation-scaling,interpreter,candidate,2,worker-allocation-fixed-work,2,66.9722643,54.315461,8.7180634,15,1,1004.583965
linux,worker-allocation-scaling,interpreter,candidate,2,worker-allocation-fixed-work,4,55.7543576,43.131278,6.9358993,18,1,1003.578437
linux,worker-allocation-scaling,interpreter,candidate,3,worker-allocation-direct,20000,77.9552252,63.945455,13.1261303,13,1,1013.417927
linux,worker-allocation-scaling,interpreter,candidate,3,worker-allocation-fixed-work,1,76.4075271,65.700422,10.9273111,14,1,1069.70538
linux,worker-allocation-scaling,interpreter,candidate,3,worker-allocation-fixed-work,2,63.9496889,49.745044,11.0683676,16,1,1023.195022
linux,worker-allocation-scaling,interpreter,candidate,3,worker-allocation-fixed-work,4,47.702289,36.805388,7.2841762,21,1,1001.748069
linux,worker-allocation-scaling,interpreter,candidate,4,worker-allocation-direct,20000,95.7125255,74.754037,13.8936144,11,1,1052.83778
linux,worker-allocation-scaling,interpreter,candidate,4,worker-allocation-fixed-work,1,102.6016961,87.0293,10.1885615,10,1,1026.016961
linux,worker-allocation-scaling,interpreter,candidate,4,worker-allocation-fixed-work,2,79.5824503,55.322387,14.2060728,13,1,1034.571854
linux,worker-allocation-scaling,interpreter,candidate,4,worker-allocation-fixed-work,4,68.0205805,42.099589,28.3313196,15,1,1020.308707
linux,worker-allocation-scaling,interpreter,candidate,5,worker-allocation-direct,20000,81.4589922,64.764687,13.1472218,13,1,1058.966899
linux,worker-allocation-scaling,interpreter,candidate,5,worker-allocation-fixed-work,1,91.8745159,73.129694,14.4813839,11,1,1010.619675
linux,worker-allocation-scaling,interpreter,candidate,5,worker-allocation-fixed-work,2,67.1566148,52.520898,10.0187071,15,1,1007.349222
linux,worker-allocation-scaling,interpreter,candidate,5,worker-allocation-fixed-work,4,55.5673324,41.995931,12.5755535,18,1,1000.211984
linux,worker-allocation-scaling,node,control,1,worker-allocation-direct,20000,1.6848125,0.489697,2.6911178,594,1,1000.778623
linux,worker-allocation-scaling,node,control,1,worker-allocation-fixed-work,1,0.52565,0.409859,0.1902687,952,2,1000.837685
linux,worker-allocation-scaling,node,control,1,worker-allocation-fixed-work,2,0.3794845,0.2243438,0.1322965,659,4,1000.321071
linux,worker-allocation-scaling,node,control,1,worker-allocation-fixed-work,4,0.2364462,0.1570139,0.0562689,530,8,1002.532079
linux,worker-allocation-scaling,node,control,2,worker-allocation-direct,20000,0.7036953,0.4657115,0.1848143,711,2,1000.654719
linux,worker-allocation-scaling,node,control,2,worker-allocation-fixed-work,1,0.6421434,0.462732,0.0940508,779,2,1000.459413
linux,worker-allocation-scaling,node,control,2,worker-allocation-fixed-work,2,0.2733257,0.2148038,0.0527034,915,4,1000.372092
linux,worker-allocation-scaling,node,control,2,worker-allocation-fixed-work,4,0.1740726,0.1438845,0.0203718,1437,4,1000.569064
linux,worker-allocation-scaling,node,control,3,worker-allocation-direct,20000,0.6610088,0.4279135,0.1773674,757,2,1000.767274
linux,worker-allocation-scaling,node,control,3,worker-allocation-fixed-work,1,0.4942032,0.3956255,0.1670742,1013,2,1001.255637
linux,worker-allocation-scaling,node,control,3,worker-allocation-fixed-work,2,0.2345701,0.1870986,0.0717811,533,8,1000.207068
linux,worker-allocation-scaling,node,control,3,worker-allocation-fixed-work,4,0.1538504,0.1293221,0.0144008,813,8,1000.643003
linux,worker-allocation-scaling,node,control,4,worker-allocation-direct,20000,2.8271475,0.541906,3.9020702,356,1,1006.464516
linux,worker-allocation-scaling,node,control,4,worker-allocation-fixed-work,1,1.3746065,0.505563,1.5773167,728,1,1000.713502
linux,worker-allocation-scaling,node,control,4,worker-allocation-fixed-work,2,2.0256181,0.2489995,2.4782367,247,2,1000.65532
linux,worker-allocation-scaling,node,control,4,worker-allocation-fixed-work,4,1.078193,0.204831,1.5182701,232,4,1000.563081
linux,worker-allocation-scaling,node,control,5,worker-allocation-direct,20000,0.6943315,0.438749,0.316892,1441,1,1000.531675
linux,worker-allocation-scaling,node,control,5,worker-allocation-fixed-work,1,0.5170135,0.392326,0.106161,968,2,1000.938076
linux,worker-allocation-scaling,node,control,5,worker-allocation-fixed-work,2,0.2222823,0.1858766,0.0241719,563,8,1001.159406
linux,worker-allocation-scaling,node,control,5,worker-allocation-fixed-work,4,0.196233,0.1515825,0.0347903,637,8,1000.003592
linux,worker-message-latency,compiled,baseline,1,worker-message-roundtrip,1,0.022839,0.0061033,0.0157535,1370,32,1001.261975
linux,worker-message-latency,compiled,baseline,1,worker-message-roundtrip,2,0.0476554,0.0403948,0.0051824,656,32,1000.381881
linux,worker-message-latency,compiled,baseline,1,worker-message-roundtrip,4,0.1181749,0.0771163,0.0467822,529,16,1000.232371
linux,worker-message-latency,compiled,baseline,2,worker-message-roundtrip,1,0.0251244,0.0052589,0.0600015,1244,32,1000.151947
linux,worker-message-latency,compiled,baseline,2,worker-message-roundtrip,2,0.0466963,0.0381154,0.0120518,670,32,1001.169447
linux,worker-message-latency,compiled,baseline,2,worker-message-roundtrip,4,0.0911178,0.0763274,0.0495841,1372,8,1000.109285
linux,worker-message-latency,compiled,baseline,3,worker-message-roundtrip,1,0.024225,0.0053535,0.0128807,1290,32,1000.009052
linux,worker-message-latency,compiled,baseline,3,worker-message-roundtrip,2,0.0444019,0.0378169,0.0056246,704,32,1000.287003
linux,worker-message-latency,compiled,baseline,3,worker-message-roundtrip,4,0.0766727,0.0668629,0.008179,816,16,1001.038595
linux,worker-message-latency,compiled,baseline,4,worker-message-roundtrip,1,0.0094478,0.0053567,0.0075394,827,128,1000.103664
linux,worker-message-latency,compiled,baseline,4,worker-message-roundtrip,2,0.0419568,0.0376375,0.0058055,745,32,1000.249927
linux,worker-message-latency,compiled,baseline,4,worker-message-roundtrip,4,0.0808152,0.0671616,0.020416,774,16,1000.81523
linux,worker-message-latency,compiled,baseline,5,worker-message-roundtrip,1,0.0183233,0.0053328,0.0095611,854,64,1001.475716
linux,worker-message-latency,compiled,baseline,5,worker-message-roundtrip,2,0.0414953,0.0376435,0.0054818,754,32,1001.198984
linux,worker-message-latency,compiled,baseline,5,worker-message-roundtrip,4,0.0800623,0.0674826,0.009478,781,16,1000.458495
linux,worker-message-latency,compiled,candidate,1,worker-message-roundtrip,1,0.0231526,0.0059752,0.0184183,1350,32,1000.194087
linux,worker-message-latency,compiled,candidate,1,worker-message-roundtrip,2,0.0593413,0.0101576,0.0301972,527,32,1000.732123
linux,worker-message-latency,compiled,candidate,1,worker-message-roundtrip,4,0.0838734,0.0727231,0.0169871,746,16,1001.112658
linux,worker-message-latency,compiled,candidate,2,worker-message-roundtrip,1,0.0087324,0.0053545,0.0076401,3579,32,1000.100671
linux,worker-message-latency,compiled,candidate,2,worker-message-roundtrip,2,0.0372188,0.0099333,0.0148663,421,64,1002.823017
linux,worker-message-latency,compiled,candidate,2,worker-message-roundtrip,4,0.0844488,0.0769113,0.0119891,741,16,1001.22554
linux,worker-message-latency,compiled,candidate,3,worker-message-roundtrip,1,0.0099214,0.0052073,0.0098228,3150,32,1000.076637
linux,worker-message-latency,compiled,candidate,3,worker-message-roundtrip,2,0.0439184,0.0100885,0.0129724,712,32,1000.636009
linux,worker-message-latency,compiled,candidate,3,worker-message-roundtrip,4,0.0844188,0.0674878,0.0150948,741,16,1000.869507
linux,worker-message-latency,compiled,candidate,4,worker-message-roundtrip,1,0.0099254,0.0052689,0.0094227,3149,32,1000.162894
linux,worker-message-latency,compiled,candidate,4,worker-message-roundtrip,2,0.0430445,0.0376555,0.0060478,726,32,1000.009728
linux,worker-message-latency,compiled,candidate,4,worker-message-roundtrip,4,0.0748592,0.0665261,0.0089089,835,16,1000.118488
linux,worker-message-latency,compiled,candidate,5,worker-message-roundtrip,1,0.0102026,0.0053276,0.0099825,3063,32,1000.018828
linux,worker-message-latency,compiled,candidate,5,worker-message-roundtrip,2,0.0427361,0.037562,0.0066463,732,32,1001.051066
linux,worker-message-latency,compiled,candidate,5,worker-message-roundtrip,4,0.0792313,0.0666439,0.0097368,789,16,1000.216196
linux,worker-message-latency,interpreter,baseline,1,worker-message-roundtrip,1,9.9834752,7.473165,2.0438891,101,1,1008.330995
linux,worker-message-latency,interpreter,baseline,1,worker-message-roundtrip,2,9.9668121,7.455698,2.0582785,101,1,1006.648027
linux,worker-message-latency,interpreter,baseline,1,worker-message-roundtrip,4,10.0078676,7.53536,1.9484225,100,1,1000.786755
linux,worker-message-latency,interpreter,baseline,2,worker-message-roundtrip,1,9.9934979,6.456846,1.8470083,101,1,1009.343288
linux,worker-message-latency,interpreter,baseline,2,worker-message-roundtrip,2,9.9906486,7.507804,1.9814575,101,1,1009.055506
linux,worker-message-latency,interpreter,baseline,2,worker-message-roundtrip,4,9.9726436,7.504958,1.9609975,101,1,1007.237005
linux,worker-message-latency,interpreter,baseline,3,worker-message-roundtrip,1,9.9616856,6.644338,2.0397789,101,1,1006.13025
linux,worker-message-latency,interpreter,baseline,3,worker-message-roundtrip,2,10.0155548,7.476702,2.0095955,101,1,1011.571033
linux,worker-message-latency,interpreter,baseline,3,worker-message-roundtrip,4,9.9834741,7.504703,2.0228838,101,1,1008.330881
linux,worker-message-latency,interpreter,baseline,4,worker-message-roundtrip,1,9.9886004,7.459641,2.2555858,101,1,1008.848642
linux,worker-message-latency,interpreter,baseline,4,worker-message-roundtrip,2,9.999981,7.473615,1.9590548,101,1,1009.998076
linux,worker-message-latency,interpreter,baseline,4,worker-message-roundtrip,4,10.0159317,7.523744,1.9504837,101,1,1011.609097
linux,worker-message-latency,interpreter,baseline,5,worker-message-roundtrip,1,9.985116,6.560877,1.9852505,101,1,1008.496719
linux,worker-message-latency,interpreter,baseline,5,worker-message-roundtrip,2,10.008196,7.476276,2.2205514,101,1,1010.827799
linux,worker-message-latency,interpreter,baseline,5,worker-message-roundtrip,4,9.9601475,4.369212,2.1984921,101,1,1005.974898
linux,worker-message-latency,interpreter,candidate,1,worker-message-roundtrip,1,1.2022295,0.075136,0.4029053,832,1,1000.254923
linux,worker-message-latency,interpreter,candidate,1,worker-message-roundtrip,2,1.3506792,0.42964,0.2704729,741,1,1000.853257
linux,worker-message-latency,interpreter,candidate,1,worker-message-roundtrip,4,1.3833784,1.175154,0.7391865,723,1,1000.18255
linux,worker-message-latency,interpreter,candidate,2,worker-message-roundtrip,1,1.141091,0.052817,0.2951845,877,1,1000.736802
linux,worker-message-latency,interpreter,candidate,2,worker-message-roundtrip,2,1.1456385,1.071878,0.0847638,873,1,1000.142375
linux,worker-message-latency,interpreter,candidate,2,worker-message-roundtrip,4,1.1905318,1.118377,0.1239621,840,1,1000.04668
linux,worker-message-latency,interpreter,candidate,3,worker-message-roundtrip,1,1.1490103,0.07664,0.2924812,871,1,1000.787981
linux,worker-message-latency,interpreter,candidate,3,worker-message-roundtrip,2,1.1498257,1.075931,0.0711953,870,1,1000.348328
linux,worker-message-latency,interpreter,candidate,3,worker-message-roundtrip,4,1.2211694,1.137602,0.1171944,819,1,1000.137734
linux,worker-message-latency,interpreter,candidate,4,worker-message-roundtrip,1,1.1165719,0.047857,0.2641409,896,1,1000.448379
linux,worker-message-latency,interpreter,candidate,4,worker-message-roundtrip,2,1.1340398,0.063401,0.0959943,882,1,1000.223096
linux,worker-message-latency,interpreter,candidate,4,worker-message-roundtrip,4,1.1778598,1.106691,0.1168491,849,1,1000.002972
linux,worker-message-latency,interpreter,candidate,5,worker-message-roundtrip,1,1.1265363,0.04752,0.2904625,888,1,1000.364277
linux,worker-message-latency,interpreter,candidate,5,worker-message-roundtrip,2,1.1404364,0.087578,0.0893341,877,1,1000.162719
linux,worker-message-latency,interpreter,candidate,5,worker-message-roundtrip,4,1.192935,1.113651,0.1346586,839,1,1000.872498
linux,worker-message-latency,node,control,1,worker-message-roundtrip,1,0.1593178,0.0358521,0.2301875,393,16,1001.790369
linux,worker-message-latency,node,control,1,worker-message-roundtrip,2,0.157058,0.0457306,0.2368245,398,16,1000.14511
linux,worker-message-latency,node,control,1,worker-message-roundtrip,4,0.0969372,0.0659914,0.0289609,645,16,1000.39184
linux,worker-message-latency,node,control,2,worker-message-roundtrip,1,0.0347985,0.0301749,0.0037532,899,32,1001.083147
linux,worker-message-latency,node,control,2,worker-message-roundtrip,2,0.0474577,0.0401644,0.0033907,659,32,1000.788866
linux,worker-message-latency,node,control,2,worker-message-roundtrip,4,0.0756047,0.0632119,0.0114306,827,16,1000.402025
linux,worker-message-latency,node,control,3,worker-message-roundtrip,1,0.0385388,0.0295803,0.0043538,811,32,1000.159525
linux,worker-message-latency,node,control,3,worker-message-roundtrip,2,0.0425494,0.0380888,0.0042395,735,32,1000.761346
linux,worker-message-latency,node,control,3,worker-message-roundtrip,4,0.0644454,0.0516727,0.0081968,485,32,1000.191994
linux,worker-message-latency,node,control,4,worker-message-roundtrip,1,0.0335525,0.0295586,0.0036897,932,32,1000.668328
linux,worker-message-latency,node,control,4,worker-message-roundtrip,2,0.0495861,0.0397936,0.0069038,631,32,1001.24154
linux,worker-message-latency,node,control,4,worker-message-roundtrip,4,0.0695387,0.0493855,0.0087269,899,16,1000.244377
linux,worker-message-latency,node,control,5,worker-message-roundtrip,1,0.0328526,0.0288641,0.0040844,952,32,1000.821385
linux,worker-message-latency,node,control,5,worker-message-roundtrip,2,0.0416173,0.038162,0.0033212,751,32,1000.147687
linux,worker-message-latency,node,control,5,worker-message-roundtrip,4,0.0658627,0.0539831,0.0070858,949,16,1000.059436
