group,workload,order,launch,mode,version,started,budgetMs,case,parameter
paired,worker-allocation-scaling,1,1,compiled,baseline,2026-09-04T22:06:36.4968543-07:00,1000,,
paired,worker-allocation-scaling,2,1,compiled,candidate,2026-09-04T22:06:52.6100842-07:00,1000,,
paired,worker-allocation-scaling,3,1,interpreter,baseline,2026-09-04T22:07:08.4016814-07:00,1000,,
paired,worker-allocation-scaling,4,1,interpreter,candidate,2026-09-04T22:07:22.1697612-07:00,1000,,
paired,worker-allocation-scaling,5,1,node,control,2026-09-04T22:07:36.7373327-07:00,1000,,
paired,worker-allocation-scaling,6,2,interpreter,candidate,2026-09-04T22:07:45.3938437-07:00,1000,,
paired,worker-allocation-scaling,7,2,interpreter,baseline,2026-09-04T22:07:59.2778290-07:00,1000,,
paired,worker-allocation-scaling,8,2,node,control,2026-09-04T22:08:12.4273383-07:00,1000,,
paired,worker-allocation-scaling,9,2,compiled,candidate,2026-09-04T22:08:21.0896159-07:00,1000,,
paired,worker-allocation-scaling,10,2,compiled,baseline,2026-09-04T22:08:36.4892745-07:00,1000,,
paired,worker-allocation-scaling,11,3,node,control,2026-09-04T22:08:52.1814806-07:00,1000,,
paired,worker-allocation-scaling,12,3,compiled,baseline,2026-09-04T22:09:00.8858780-07:00,1000,,
paired,worker-allocation-scaling,13,3,compiled,candidate,2026-09-04T22:09:16.6327039-07:00,1000,,
paired,worker-allocation-scaling,14,3,interpreter,baseline,2026-09-04T22:09:31.7585392-07:00,1000,,
paired,worker-allocation-scaling,15,3,interpreter,candidate,2026-09-04T22:09:44.6678994-07:00,1000,,
paired,worker-allocation-scaling,16,4,compiled,candidate,2026-09-04T22:09:57.8129458-07:00,1000,,
paired,worker-allocation-scaling,17,4,compiled,baseline,2026-09-04T22:10:13.1093579-07:00,1000,,
paired,worker-allocation-scaling,18,4,interpreter,candidate,2026-09-04T22:10:28.9211138-07:00,1000,,
paired,worker-allocation-scaling,19,4,interpreter,baseline,2026-09-04T22:10:42.4956755-07:00,1000,,
paired,worker-allocation-scaling,20,4,node,control,2026-09-04T22:10:55.8379934-07:00,1000,,
paired,worker-allocation-scaling,21,5,interpreter,baseline,2026-09-04T22:11:04.5767171-07:00,1000,,
paired,worker-allocation-scaling,22,5,interpreter,candidate,2026-09-04T22:11:20.8141807-07:00,1000,,
paired,worker-allocation-scaling,23,5,node,control,2026-09-04T22:11:34.3416726-07:00,1000,,
paired,worker-allocation-scaling,24,5,compiled,baseline,2026-09-04T22:11:43.0151922-07:00,1000,,
paired,worker-allocation-scaling,25,5,compiled,candidate,2026-09-04T22:11:58.6902919-07:00,1000,,
paired,worker-message-latency,1,1,compiled,baseline,2026-09-04T22:12:15.1289334-07:00,1000,,
paired,worker-message-latency,2,1,compiled,candidate,2026-09-04T22:12:32.3645998-07:00,1000,,
paired,worker-message-latency,3,1,interpreter,baseline,2026-09-04T22:12:53.5112009-07:00,1000,,
paired,worker-message-latency,4,1,interpreter,candidate,2026-09-04T22:13:09.2452572-07:00,1000,,
paired,worker-message-latency,5,1,node,control,2026-09-04T22:13:25.5100815-07:00,1000,,
paired,worker-message-latency,6,2,interpreter,candidate,2026-09-04T22:13:34.8494178-07:00,1000,,
paired,worker-message-latency,7,2,interpreter,baseline,2026-09-04T22:13:50.3337560-07:00,1000,,
paired,worker-message-latency,8,2,node,control,2026-09-04T22:14:05.8066810-07:00,1000,,
paired,worker-message-latency,9,2,compiled,candidate,2026-09-04T22:14:15.3671842-07:00,1000,,
paired,worker-message-latency,10,2,compiled,baseline,2026-09-04T22:14:35.6268454-07:00,1000,,
paired,worker-message-latency,11,3,node,control,2026-09-04T22:14:58.0710535-07:00,1000,,
paired,worker-message-latency,12,3,compiled,baseline,2026-09-04T22:15:06.7705064-07:00,1000,,
paired,worker-message-latency,13,3,compiled,candidate,2026-09-04T22:15:28.0096998-07:00,1000,,
paired,worker-message-latency,14,3,interpreter,baseline,2026-09-04T22:15:48.3921201-07:00,1000,,
paired,worker-message-latency,15,3,interpreter,candidate,2026-09-04T22:16:01.5807246-07:00,1000,,
paired,worker-message-latency,16,4,compiled,candidate,2026-09-04T22:16:15.3922886-07:00,1000,,
paired,worker-message-latency,17,4,compiled,baseline,2026-09-04T22:16:34.7984980-07:00,1000,,
paired,worker-message-latency,18,4,interpreter,candidate,2026-09-04T22:16:55.4412455-07:00,1000,,
paired,worker-message-latency,19,4,interpreter,baseline,2026-09-04T22:17:11.1152261-07:00,1000,,
paired,worker-message-latency,20,4,node,control,2026-09-04T22:17:24.2898021-07:00,1000,,
paired,worker-message-latency,21,5,interpreter,baseline,2026-09-04T22:17:33.3714988-07:00,1000,,
paired,worker-message-latency,22,5,interpreter,candidate,2026-09-04T22:17:45.4293812-07:00,1000,,
paired,worker-message-latency,23,5,node,control,2026-09-04T22:18:01.2539172-07:00,1000,,
paired,worker-message-latency,24,5,compiled,baseline,2026-09-04T22:18:11.0148774-07:00,1000,,
paired,worker-message-latency,25,5,compiled,candidate,2026-09-04T22:18:31.0622460-07:00,1000,,
paired-final,array-methods--10000,1,1,compiled,baseline,2026-09-04T22:40:59.0769607-07:00,300,,10000
paired-final,array-methods--10000,2,1,compiled,candidate,2026-09-04T22:40:59.9328211-07:00,300,,10000
paired-final,array-methods--10000,3,2,compiled,candidate,2026-09-04T22:41:00.7762666-07:00,300,,10000
paired-final,array-methods--10000,4,2,compiled,baseline,2026-09-04T22:41:01.6017522-07:00,300,,10000
paired-final,array-methods--10000,5,3,compiled,baseline,2026-09-04T22:41:02.4277894-07:00,300,,10000
paired-final,array-methods--10000,6,3,compiled,candidate,2026-09-04T22:41:03.2567533-07:00,300,,10000
paired-final,array-methods--10000,7,4,compiled,candidate,2026-09-04T22:41:04.0721021-07:00,300,,10000
paired-final,array-methods--10000,8,4,compiled,baseline,2026-09-04T22:41:04.8930051-07:00,300,,10000
paired-final,array-methods--10000,9,5,compiled,baseline,2026-09-04T22:41:05.7366625-07:00,300,,10000
paired-final,array-methods--10000,10,5,compiled,candidate,2026-09-04T22:41:06.5712982-07:00,300,,10000
paired-final,language-hot-paths-stable-numeric-rest-10000,1,1,compiled,baseline,2026-09-04T22:41:15.7782651-07:00,300,stable-numeric-rest,10000
paired-final,language-hot-paths-stable-numeric-rest-10000,2,1,compiled,candidate,2026-09-04T22:41:16.6630834-07:00,300,stable-numeric-rest,10000
paired-final,language-hot-paths-stable-numeric-rest-10000,3,2,compiled,candidate,2026-09-04T22:41:17.4848263-07:00,300,stable-numeric-rest,10000
paired-final,language-hot-paths-stable-numeric-rest-10000,4,2,compiled,baseline,2026-09-04T22:41:18.3128026-07:00,300,stable-numeric-rest,10000
paired-final,language-hot-paths-stable-numeric-rest-10000,5,3,compiled,baseline,2026-09-04T22:41:19.1433523-07:00,300,stable-numeric-rest,10000
paired-final,language-hot-paths-stable-numeric-rest-10000,6,3,compiled,candidate,2026-09-04T22:41:19.9498577-07:00,300,stable-numeric-rest,10000
paired-final,language-hot-paths-stable-numeric-rest-10000,7,4,compiled,candidate,2026-09-04T22:41:20.7949779-07:00,300,stable-numeric-rest,10000
paired-final,language-hot-paths-stable-numeric-rest-10000,8,4,compiled,baseline,2026-09-04T22:41:21.6356915-07:00,300,stable-numeric-rest,10000
paired-final,language-hot-paths-stable-numeric-rest-10000,9,5,compiled,baseline,2026-09-04T22:41:22.4722306-07:00,300,stable-numeric-rest,10000
paired-final,language-hot-paths-stable-numeric-rest-10000,10,5,compiled,candidate,2026-09-04T22:41:23.3429870-07:00,300,stable-numeric-rest,10000
paired-final,objects--10000,1,1,compiled,baseline,2026-09-04T22:41:07.4167571-07:00,300,,10000
paired-final,objects--10000,2,1,compiled,candidate,2026-09-04T22:41:08.2328386-07:00,300,,10000
paired-final,objects--10000,3,2,compiled,candidate,2026-09-04T22:41:09.0651104-07:00,300,,10000
paired-final,objects--10000,4,2,compiled,baseline,2026-09-04T22:41:09.9092358-07:00,300,,10000
paired-final,objects--10000,5,3,compiled,baseline,2026-09-04T22:41:10.7299547-07:00,300,,10000
paired-final,objects--10000,6,3,compiled,candidate,2026-09-04T22:41:11.5638226-07:00,300,,10000
paired-final,objects--10000,7,4,compiled,candidate,2026-09-04T22:41:12.4340969-07:00,300,,10000
paired-final,objects--10000,8,4,compiled,baseline,2026-09-04T22:41:13.2672036-07:00,300,,10000
paired-final,objects--10000,9,5,compiled,baseline,2026-09-04T22:41:14.1099657-07:00,300,,10000
paired-final,objects--10000,10,5,compiled,candidate,2026-09-04T22:41:14.9324018-07:00,300,,10000
paired-final,worker-allocation-boundaries-allocation-partitions-serial-1-8192,1,1,compiled,baseline,2026-09-04T22:40:23.1144819-07:00,300,allocation-partitions-serial-1,8192
paired-final,worker-allocation-boundaries-allocation-partitions-serial-1-8192,2,1,compiled,candidate,2026-09-04T22:40:23.8778402-07:00,300,allocation-partitions-serial-1,8192
paired-final,worker-allocation-boundaries-allocation-partitions-serial-1-8192,3,2,compiled,candidate,2026-09-04T22:40:24.6165115-07:00,300,allocation-partitions-serial-1,8192
paired-final,worker-allocation-boundaries-allocation-partitions-serial-1-8192,4,2,compiled,baseline,2026-09-04T22:40:25.3707116-07:00,300,allocation-partitions-serial-1,8192
paired-final,worker-allocation-boundaries-allocation-partitions-serial-1-8192,5,3,compiled,baseline,2026-09-04T22:40:26.1617087-07:00,300,allocation-partitions-serial-1,8192
paired-final,worker-allocation-boundaries-allocation-partitions-serial-1-8192,6,3,compiled,candidate,2026-09-04T22:40:26.9185837-07:00,300,allocation-partitions-serial-1,8192
paired-final,worker-allocation-boundaries-allocation-partitions-serial-1-8192,7,4,compiled,candidate,2026-09-04T22:40:27.6797618-07:00,300,allocation-partitions-serial-1,8192
paired-final,worker-allocation-boundaries-allocation-partitions-serial-1-8192,8,4,compiled,baseline,2026-09-04T22:40:28.4183489-07:00,300,allocation-partitions-serial-1,8192
paired-final,worker-allocation-boundaries-allocation-partitions-serial-1-8192,9,5,compiled,baseline,2026-09-04T22:40:29.1798995-07:00,300,allocation-partitions-serial-1,8192
paired-final,worker-allocation-boundaries-allocation-partitions-serial-1-8192,10,5,compiled,candidate,2026-09-04T22:40:29.9309432-07:00,300,allocation-partitions-serial-1,8192
paired-final,worker-allocation-boundaries-allocation-partitions-serial-1-8193,1,1,compiled,baseline,2026-09-04T22:40:30.6748025-07:00,300,allocation-partitions-serial-1,8193
paired-final,worker-allocation-boundaries-allocation-partitions-serial-1-8193,2,1,compiled,candidate,2026-09-04T22:40:31.4690357-07:00,300,allocation-partitions-serial-1,8193
paired-final,worker-allocation-boundaries-allocation-partitions-serial-1-8193,3,2,compiled,candidate,2026-09-04T22:40:32.2007237-07:00,300,allocation-partitions-serial-1,8193
paired-final,worker-allocation-boundaries-allocation-partitions-serial-1-8193,4,2,compiled,baseline,2026-09-04T22:40:32.9425342-07:00,300,allocation-partitions-serial-1,8193
paired-final,worker-allocation-boundaries-allocation-partitions-serial-1-8193,5,3,compiled,baseline,2026-09-04T22:40:33.7294706-07:00,300,allocation-partitions-serial-1,8193
paired-final,worker-allocation-boundaries-allocation-partitions-serial-1-8193,6,3,compiled,candidate,2026-09-04T22:40:34.5064305-07:00,300,allocation-partitions-serial-1,8193
paired-final,worker-allocation-boundaries-allocation-partitions-serial-1-8193,7,4,compiled,candidate,2026-09-04T22:40:35.3593112-07:00,300,allocation-partitions-serial-1,8193
paired-final,worker-allocation-boundaries-allocation-partitions-serial-1-8193,8,4,compiled,baseline,2026-09-04T22:40:36.2250882-07:00,300,allocation-partitions-serial-1,8193
paired-final,worker-allocation-boundaries-allocation-partitions-serial-1-8193,9,5,compiled,baseline,2026-09-04T22:40:37.1627719-07:00,300,allocation-partitions-serial-1,8193
paired-final,worker-allocation-boundaries-allocation-partitions-serial-1-8193,10,5,compiled,candidate,2026-09-04T22:40:38.0890327-07:00,300,allocation-partitions-serial-1,8193
paired-final,worker-allocation-boundaries-allocation-partitions-serial-4-8192,1,1,compiled,baseline,2026-09-04T22:40:38.9660866-07:00,300,allocation-partitions-serial-4,8192
paired-final,worker-allocation-boundaries-allocation-partitions-serial-4-8192,2,1,compiled,candidate,2026-09-04T22:40:40.0822154-07:00,300,allocation-partitions-serial-4,8192
paired-final,worker-allocation-boundaries-allocation-partitions-serial-4-8192,3,2,compiled,candidate,2026-09-04T22:40:41.0133168-07:00,300,allocation-partitions-serial-4,8192
paired-final,worker-allocation-boundaries-allocation-partitions-serial-4-8192,4,2,compiled,baseline,2026-09-04T22:40:41.8946901-07:00,300,allocation-partitions-serial-4,8192
paired-final,worker-allocation-boundaries-allocation-partitions-serial-4-8192,5,3,compiled,baseline,2026-09-04T22:40:42.9660241-07:00,300,allocation-partitions-serial-4,8192
paired-final,worker-allocation-boundaries-allocation-partitions-serial-4-8192,6,3,compiled,candidate,2026-09-04T22:40:44.0355988-07:00,300,allocation-partitions-serial-4,8192
paired-final,worker-allocation-boundaries-allocation-partitions-serial-4-8192,7,4,compiled,candidate,2026-09-04T22:40:44.9095622-07:00,300,allocation-partitions-serial-4,8192
paired-final,worker-allocation-boundaries-allocation-partitions-serial-4-8192,8,4,compiled,baseline,2026-09-04T22:40:45.7777232-07:00,300,allocation-partitions-serial-4,8192
paired-final,worker-allocation-boundaries-allocation-partitions-serial-4-8192,9,5,compiled,baseline,2026-09-04T22:40:46.8443557-07:00,300,allocation-partitions-serial-4,8192
paired-final,worker-allocation-boundaries-allocation-partitions-serial-4-8192,10,5,compiled,candidate,2026-09-04T22:40:47.9019091-07:00,300,allocation-partitions-serial-4,8192
paired-final,worker-allocation-boundaries-allocation-partitions-serial-4-8193,1,1,compiled,baseline,2026-09-04T22:40:48.8104743-07:00,300,allocation-partitions-serial-4,8193
paired-final,worker-allocation-boundaries-allocation-partitions-serial-4-8193,2,1,compiled,candidate,2026-09-04T22:40:49.9845516-07:00,300,allocation-partitions-serial-4,8193
paired-final,worker-allocation-boundaries-allocation-partitions-serial-4-8193,3,2,compiled,candidate,2026-09-04T22:40:50.8735000-07:00,300,allocation-partitions-serial-4,8193
paired-final,worker-allocation-boundaries-allocation-partitions-serial-4-8193,4,2,compiled,baseline,2026-09-04T22:40:51.7657667-07:00,300,allocation-partitions-serial-4,8193
paired-final,worker-allocation-boundaries-allocation-partitions-serial-4-8193,5,3,compiled,baseline,2026-09-04T22:40:52.8731873-07:00,300,allocation-partitions-serial-4,8193
paired-final,worker-allocation-boundaries-allocation-partitions-serial-4-8193,6,3,compiled,candidate,2026-09-04T22:40:54.0985501-07:00,300,allocation-partitions-serial-4,8193
paired-final,worker-allocation-boundaries-allocation-partitions-serial-4-8193,7,4,compiled,candidate,2026-09-04T22:40:54.9848654-07:00,300,allocation-partitions-serial-4,8193
paired-final,worker-allocation-boundaries-allocation-partitions-serial-4-8193,8,4,compiled,baseline,2026-09-04T22:40:55.8647237-07:00,300,allocation-partitions-serial-4,8193
paired-final,worker-allocation-boundaries-allocation-partitions-serial-4-8193,9,5,compiled,baseline,2026-09-04T22:40:57.0071321-07:00,300,allocation-partitions-serial-4,8193
paired-final,worker-allocation-boundaries-allocation-partitions-serial-4-8193,10,5,compiled,candidate,2026-09-04T22:40:58.1482902-07:00,300,allocation-partitions-serial-4,8193
paired-final,worker-allocation-scaling,1,1,compiled,baseline,2026-09-04T22:37:55.0822426-07:00,1000,,
paired-final,worker-allocation-scaling,2,1,compiled,candidate,2026-09-04T22:38:10.0876383-07:00,1000,,
paired-final,worker-allocation-scaling,3,2,compiled,candidate,2026-09-04T22:38:24.7902922-07:00,1000,,
paired-final,worker-allocation-scaling,4,2,compiled,baseline,2026-09-04T22:38:39.3945534-07:00,1000,,
paired-final,worker-allocation-scaling,5,3,compiled,baseline,2026-09-04T22:38:54.3666629-07:00,1000,,
paired-final,worker-allocation-scaling,6,3,compiled,candidate,2026-09-04T22:39:09.3264548-07:00,1000,,
paired-final,worker-allocation-scaling,7,4,compiled,candidate,2026-09-04T22:39:23.9340000-07:00,1000,,
paired-final,worker-allocation-scaling,8,4,compiled,baseline,2026-09-04T22:39:38.5548169-07:00,1000,,
paired-final,worker-allocation-scaling,9,5,compiled,baseline,2026-09-04T22:39:53.5410314-07:00,1000,,
paired-final,worker-allocation-scaling,10,5,compiled,candidate,2026-09-04T22:40:08.5104499-07:00,1000,,
paired-final,worker-lifecycle--1,1,1,compiled,baseline,2026-09-04T22:43:05.6075694-07:00,300,,1
paired-final,worker-lifecycle--1,2,1,compiled,candidate,2026-09-04T22:43:13.6364574-07:00,300,,1
paired-final,worker-lifecycle--1,3,1,interpreter,baseline,2026-09-04T22:43:21.7627370-07:00,300,,1
paired-final,worker-lifecycle--1,4,1,interpreter,candidate,2026-09-04T22:43:23.9855950-07:00,300,,1
paired-final,worker-lifecycle--1,5,2,interpreter,candidate,2026-09-04T22:43:26.2154805-07:00,300,,1
paired-final,worker-lifecycle--1,6,2,interpreter,baseline,2026-09-04T22:43:28.4969112-07:00,300,,1
paired-final,worker-lifecycle--1,7,2,compiled,candidate,2026-09-04T22:43:30.7179738-07:00,300,,1
paired-final,worker-lifecycle--1,8,2,compiled,baseline,2026-09-04T22:43:38.7975057-07:00,300,,1
paired-final,worker-lifecycle--1,9,3,compiled,baseline,2026-09-04T22:43:46.6196730-07:00,300,,1
paired-final,worker-lifecycle--1,10,3,compiled,candidate,2026-09-04T22:43:54.6718012-07:00,300,,1
paired-final,worker-lifecycle--1,11,3,interpreter,baseline,2026-09-04T22:44:02.4192350-07:00,300,,1
paired-final,worker-lifecycle--1,12,3,interpreter,candidate,2026-09-04T22:44:04.6225999-07:00,300,,1
paired-final,worker-lifecycle--1,13,4,interpreter,candidate,2026-09-04T22:44:06.8584404-07:00,300,,1
paired-final,worker-lifecycle--1,14,4,interpreter,baseline,2026-09-04T22:44:09.0324367-07:00,300,,1
paired-final,worker-lifecycle--1,15,4,compiled,candidate,2026-09-04T22:44:11.2632966-07:00,300,,1
paired-final,worker-lifecycle--1,16,4,compiled,baseline,2026-09-04T22:44:19.3382688-07:00,300,,1
paired-final,worker-lifecycle--1,17,5,compiled,baseline,2026-09-04T22:44:27.3821450-07:00,300,,1
paired-final,worker-lifecycle--1,18,5,compiled,candidate,2026-09-04T22:44:35.4309010-07:00,300,,1
paired-final,worker-lifecycle--1,19,5,interpreter,baseline,2026-09-04T22:44:43.4184669-07:00,300,,1
paired-final,worker-lifecycle--1,20,5,interpreter,candidate,2026-09-04T22:44:45.6916269-07:00,300,,1
paired-final,worker-message-throughput-worker-message-burst-100,1,1,compiled,baseline,2026-09-04T22:41:24.1952904-07:00,300,worker-message-burst,100
paired-final,worker-message-throughput-worker-message-burst-100,2,1,compiled,candidate,2026-09-04T22:41:31.8487672-07:00,300,worker-message-burst,100
paired-final,worker-message-throughput-worker-message-burst-100,3,1,interpreter,baseline,2026-09-04T22:41:39.7550760-07:00,300,worker-message-burst,100
paired-final,worker-message-throughput-worker-message-burst-100,4,1,interpreter,candidate,2026-09-04T22:41:42.1890248-07:00,300,worker-message-burst,100
paired-final,worker-message-throughput-worker-message-burst-100,5,2,interpreter,candidate,2026-09-04T22:41:44.4592818-07:00,300,worker-message-burst,100
paired-final,worker-message-throughput-worker-message-burst-100,6,2,interpreter,baseline,2026-09-04T22:41:46.7499974-07:00,300,worker-message-burst,100
paired-final,worker-message-throughput-worker-message-burst-100,7,2,compiled,candidate,2026-09-04T22:41:49.1856549-07:00,300,worker-message-burst,100
paired-final,worker-message-throughput-worker-message-burst-100,8,2,compiled,baseline,2026-09-04T22:41:57.0869016-07:00,300,worker-message-burst,100
paired-final,worker-message-throughput-worker-message-burst-100,9,3,compiled,baseline,2026-09-04T22:42:05.0519476-07:00,300,worker-message-burst,100
paired-final,worker-message-throughput-worker-message-burst-100,10,3,compiled,candidate,2026-09-04T22:42:12.7118290-07:00,300,worker-message-burst,100
paired-final,worker-message-throughput-worker-message-burst-100,11,3,interpreter,baseline,2026-09-04T22:42:20.6800805-07:00,300,worker-message-burst,100
paired-final,worker-message-throughput-worker-message-burst-100,12,3,interpreter,candidate,2026-09-04T22:42:22.9632131-07:00,300,worker-message-burst,100
paired-final,worker-message-throughput-worker-message-burst-100,13,4,interpreter,candidate,2026-09-04T22:42:25.2185749-07:00,300,worker-message-burst,100
paired-final,worker-message-throughput-worker-message-burst-100,14,4,interpreter,baseline,2026-09-04T22:42:27.5421442-07:00,300,worker-message-burst,100
paired-final,worker-message-throughput-worker-message-burst-100,15,4,compiled,candidate,2026-09-04T22:42:29.8548334-07:00,300,worker-message-burst,100
paired-final,worker-message-throughput-worker-message-burst-100,16,4,compiled,baseline,2026-09-04T22:42:37.4806762-07:00,300,worker-message-burst,100
paired-final,worker-message-throughput-worker-message-burst-100,17,5,compiled,baseline,2026-09-04T22:42:45.1281818-07:00,300,worker-message-burst,100
paired-final,worker-message-throughput-worker-message-burst-100,18,5,compiled,candidate,2026-09-04T22:42:53.0573914-07:00,300,worker-message-burst,100
paired-final,worker-message-throughput-worker-message-burst-100,19,5,interpreter,baseline,2026-09-04T22:43:00.7015092-07:00,300,worker-message-burst,100
paired-final,worker-message-throughput-worker-message-burst-100,20,5,interpreter,candidate,2026-09-04T22:43:03.0938556-07:00,300,worker-message-burst,100
